:START_ID,:END_ID,:TYPE
0,1,包括
0,2,包括
0,3,包括
0,4,包括
6,7,包括
6,8,包括
6,9,包括
6,10,包括
6,11,包括
6,12,包括
6,13,包括
7,14,包括
7,15,包括
7,16,包括
7,17,包括
14,18,包括
15,19,包括
15,20,包括
15,21,包括
15,22,包括
19,23,包括
19,24,包括
24,25,包括
24,26,包括
25,27,包括
25,28,包括
26,29,包括
26,30,包括
27,31,包括
28,32,包括
29,33,包括
29,34,包括
20,35,包括
20,36,包括
21,37,包括
21,38,包括
21,39,包括
22,40,包括
22,41,包括
22,42,包括
16,43,包括
16,44,包括
43,45,包括
43,46,包括
44,47,包括
17,48,包括
48,49,包括
48,50,包括
8,51,包括
8,52,包括
8,53,包括
51,54,包括
52,55,包括
53,56,包括
53,57,包括
53,58,包括
53,59,包括
59,60,包括
59,61,包括
61,62,包括
61,63,包括
9,64,包括
9,65,包括
9,66,包括
9,67,包括
65,68,包括
65,69,包括
65,70,包括
66,71,包括
66,72,包括
66,73,包括
68,74,包括
68,75,包括
69,76,包括
69,77,包括
69,78,包括
10,79,包括
10,80,包括
10,81,包括
10,82,包括
10,83,包括
10,84,包括
79,85,包括
79,86,包括
80,87,包括
80,88,包括
87,89,包括
87,90,包括
87,91,包括
81,92,包括
81,93,包括
92,94,包括
92,95,包括
93,96,包括
93,97,包括
93,98,包括
96,99,包括
99,100,包括
100,101,包括
100,102,包括
102,103,包括
102,104,包括
82,105,包括
82,106,包括
82,107,包括
83,108,包括
83,109,包括
83,110,包括
84,111,包括
111,112,包括
111,113,包括
111,114,包括
11,115,包括
11,116,包括
115,117,包括
115,118,包括
115,119,包括
118,120,包括
118,121,包括
119,122,包括
119,123,包括
116,124,包括
116,125,包括
116,126,包括
116,127,包括
125,128,包括
126,129,包括
126,130,包括
126,131,包括
12,132,包括
12,133,包括
133,134,包括
133,135,包括
134,136,包括
134,137,包括
136,138,包括
136,139,包括
135,140,包括
135,141,包括
135,142,包括
141,143,包括
141,144,包括
141,145,包括
13,146,包括
13,147,包括
13,148,包括
146,149,包括
146,150,包括
147,151,包括
147,152,包括
147,153,包括
147,154,包括
153,155,包括
153,156,包括
154,157,包括
148,158,包括
148,159,包括
158,160,包括
158,161,包括
158,162,包括
159,163,包括
159,164,包括
165,166,包括
165,167,包括
165,168,包括
165,169,包括
166,170,包括
166,171,包括
166,172,包括
166,173,包括
166,174,包括
166,175,包括
166,176,包括
166,177,包括
172,178,包括
172,179,包括
172,180,包括
173,181,包括
173,182,包括
174,183,包括
174,184,包括
174,185,包括
175,186,包括
177,187,包括
177,188,包括
167,189,包括
167,190,包括
167,191,包括
191,192,包括
191,193,包括
191,194,包括
194,195,包括
192,196,包括
193,197,包括
193,198,包括
168,199,包括
168,200,包括
199,201,包括
199,202,包括
200,203,包括
200,204,包括
200,205,包括
203,206,包括
203,207,包括
203,208,包括
204,209,包括
204,210,包括
210,211,包括
210,212,包括
210,213,包括
169,214,包括
169,215,包括
169,216,包括
169,217,包括
169,218,包括
169,219,包括
214,220,包括
214,221,包括
214,222,包括
220,223,包括
220,224,包括
224,225,包括
224,226,包括
224,227,包括
222,228,包括
222,229,包括
215,230,包括
215,231,包括
215,232,包括
215,233,包括
215,234,包括
216,235,包括
216,236,包括
236,237,包括
236,238,包括
236,239,包括
236,240,包括
236,241,包括
237,242,包括
237,243,包括
238,244,包括
238,245,包括
217,246,包括
217,247,包括
217,248,包括
247,249,包括
247,250,包括
247,251,包括
247,252,包括
249,253,包括
249,254,包括
250,255,包括
252,256,包括
252,257,包括
256,258,包括
256,259,包括
256,260,包括
256,261,包括
257,262,包括
257,263,包括
257,264,包括
218,265,包括
218,266,包括
218,267,包括
219,268,包括
219,269,包括
219,270,包括
271,272,包括
271,273,包括
271,274,包括
272,275,包括
272,276,包括
272,277,包括
273,278,包括
273,279,包括
273,280,包括
273,281,包括
273,282,包括
279,283,包括
279,284,包括
281,285,包括
281,286,包括
281,287,包括
282,288,包括
282,289,包括
282,290,包括
282,291,包括
282,292,包括
282,293,包括
282,294,包括
282,295,包括
285,296,包括
285,297,包括
285,298,包括
289,299,包括
289,300,包括
290,301,包括
290,302,包括
291,303,包括
291,304,包括
292,305,包括
292,306,包括
274,307,包括
274,308,包括
274,309,包括
310,311,包括
310,312,包括
310,313,包括
310,314,包括
310,315,包括
310,316,包括
310,317,包括
310,318,包括
310,319,包括
311,320,包括
311,321,包括
320,322,包括
320,323,包括
320,324,包括
320,325,包括
321,326,包括
321,327,包括
312,328,包括
312,329,包括
312,330,包括
313,331,包括
313,332,包括
313,333,包括
328,334,包括
328,335,包括
328,336,包括
329,337,包括
329,338,包括
329,339,包括
331,340,包括
331,341,包括
341,342,包括
341,343,包括
332,344,包括
332,345,包括
332,346,包括
333,347,包括
333,348,包括
333,349,包括
344,350,包括
344,351,包括
345,352,包括
345,353,包括
345,354,包括
346,355,包括
346,356,包括
314,357,包括
314,358,包括
314,359,包括
357,360,包括
357,361,包括
358,362,包括
358,363,包括
359,364,包括
359,365,包括
316,366,包括
316,367,包括
366,368,包括
366,369,包括
368,370,包括
368,371,包括
369,372,包括
369,373,包括
369,374,包括
369,375,包括
369,376,包括
376,377,包括
375,378,包括
374,379,包括
378,380,包括
379,381,包括
373,382,包括
382,383,包括
372,384,包括
384,385,包括
367,386,包括
367,387,包括
367,388,包括
317,389,包括
317,390,包括
389,391,包括
389,392,包括
392,393,包括
392,394,包括
392,395,包括
390,396,包括
390,397,包括
318,398,包括
318,399,包括
318,400,包括
318,401,包括
398,402,包括
398,403,包括
398,404,包括
398,405,包括
399,406,包括
399,407,包括
399,408,包括
400,409,包括
400,410,包括
400,411,包括
400,412,包括
401,413,包括
401,414,包括
401,415,包括
401,416,包括
401,417,包括
319,418,包括
319,419,包括
319,420,包括
418,421,包括
418,422,包括
419,423,包括
419,424,包括
419,425,包括
419,426,包括
423,427,包括
424,428,包括
424,429,包括
425,430,包括
425,431,包括
426,432,包括
420,433,包括
420,434,包括
433,435,包括
433,436,包括
434,437,包括
434,438,包括
437,439,包括
438,440,包括
441,442,包括
441,443,包括
441,444,包括
441,445,包括
441,446,包括
441,447,包括
442,448,包括
442,449,包括
448,450,包括
448,451,包括
449,452,包括
449,453,包括
452,454,包括
452,455,包括
453,456,包括
443,457,包括
443,458,包括
457,459,包括
457,460,包括
458,461,包括
458,462,包括
444,463,包括
444,464,包括
463,465,包括
463,466,包括
463,467,包括
463,468,包括
464,469,包括
464,470,包括
464,471,包括
445,472,包括
445,473,包括
473,474,包括
473,475,包括
473,476,包括
474,477,包括
475,478,包括
476,479,包括
476,480,包括
476,481,包括
472,482,包括
472,483,包括
482,484,包括
483,485,包括
483,486,包括
446,487,包括
446,488,包括
487,489,包括
487,490,包括
487,491,包括
487,492,包括
487,493,包括
488,494,包括
488,495,包括
488,496,包括
447,497,包括
447,498,包括
447,499,包括
497,500,包括
497,501,包括
497,502,包括
498,503,包括
498,504,包括
498,505,包括
505,506,包括
505,507,包括
499,508,包括
499,509,包括
499,510,包括
499,511,包括
1,512,包括
512,513,包括
512,514,包括
512,515,包括
512,516,包括
512,517,包括
513,518,包括
513,519,包括
513,520,包括
513,521,包括
518,522,包括
518,523,包括
518,524,包括
518,525,包括
522,526,包括
522,527,包括
522,528,包括
523,529,包括
523,530,包括
523,531,包括
524,532,包括
532,533,包括
532,534,包括
532,535,包括
532,536,包括
532,537,包括
525,538,包括
525,539,包括
538,540,包括
539,541,包括
539,542,包括
519,543,包括
519,544,包括
519,545,包括
543,546,包括
543,547,包括
544,548,包括
544,549,包括
545,550,包括
545,551,包括
551,552,包括
551,553,包括
550,554,包括
520,555,包括
520,556,包括
520,557,包括
520,558,包括
520,559,包括
555,560,包括
556,561,包括
556,562,包括
556,563,包括
556,564,包括
557,565,包括
557,566,包括
557,567,包括
558,568,包括
558,569,包括
558,570,包括
568,571,包括
569,572,包括
570,573,包括
559,574,包括
559,575,包括
559,576,包括
521,577,包括
521,578,包括
521,579,包括
577,580,包括
577,581,包括
577,582,包括
578,583,包括
578,584,包括
579,585,包括
579,586,包括
514,587,包括
587,588,包括
587,589,包括
587,590,包括
588,591,包括
588,592,包括
588,593,包括
588,594,包括
589,595,包括
590,596,包括
515,597,包括
597,598,包括
597,599,包括
598,600,包括
599,601,包括
516,602,包括
516,603,包括
516,604,包括
516,605,包括
602,606,包括
603,607,包括
607,608,包括
607,609,包括
607,610,包括
604,611,包括
604,612,包括
604,613,包括
604,614,包括
604,615,包括
605,616,包括
616,617,包括
616,618,包括
517,619,包括
517,620,包括
517,621,包括
619,622,包括
619,623,包括
619,624,包括
620,625,包括
620,626,包括
620,627,包括
620,628,包括
626,629,包括
626,630,包括
627,631,包括
627,632,包括
627,633,包括
628,634,包括
634,635,包括
634,636,包括
621,637,包括
2,638,包括
2,639,包括
2,640,包括
638,641,包括
638,642,包括
638,643,包括
638,644,包括
638,645,包括
638,646,包括
641,647,包括
641,648,包括
642,649,包括
649,643,包括
649,650,包括
643,651,包括
643,652,包括
651,653,包括
651,654,包括
651,655,包括
652,656,包括
652,657,包括
644,658,包括
644,659,包括
644,660,包括
659,661,包括
659,662,包括
645,663,包括
645,664,包括
664,665,包括
664,666,包括
664,667,包括
646,668,包括
646,669,包括
639,670,包括
639,671,包括
639,672,包括
639,673,包括
670,674,包括
671,675,包括
671,676,包括
671,677,包括
677,678,包括
677,679,包括
672,680,包括
673,681,包括
673,682,包括
640,683,包括
640,684,包括
640,685,包括
640,686,包括
683,687,包括
684,688,包括
685,689,包括
686,690,包括
3,691,包括
3,692,包括
691,693,包括
691,694,包括
691,695,包括
691,696,包括
693,697,包括
697,698,包括
697,699,包括
694,700,包括
694,701,包括
700,702,包括
701,703,包括
695,704,包括
695,705,包括
704,706,包括
704,707,包括
705,708,包括
696,709,包括
696,710,包括
709,711,包括
709,712,包括
709,713,包括
710,714,包括
692,715,包括
692,716,包括
715,717,包括
715,718,包括
715,719,包括
717,720,包括
717,721,包括
718,722,包括
718,723,包括
719,724,包括
719,725,包括
724,726,包括
724,727,包括
716,728,包括
716,729,包括
716,730,包括
728,731,包括
728,732,包括
728,733,包括
729,734,包括
729,735,包括
730,736,包括
4,737,包括
4,738,包括
4,739,包括
737,740,包括
737,741,包括
737,742,包括
738,743,包括
738,744,包括
738,745,包括
739,746,包括
739,747,包括
739,748,包括
739,749,包括
739,750,包括
748,751,包括
748,752,包括
748,753,包括
748,754,包括
749,755,包括
749,756,包括
749,757,包括
749,758,包括
749,759,包括
760,761,包括
760,762,包括
761,763,包括
761,764,包括
761,765,包括
761,766,包括
761,767,包括
762,768,包括
762,769,包括
762,770,包括
762,771,包括
763,772,包括
763,773,包括
772,774,包括
772,775,包括
772,776,包括
772,777,包括
772,778,包括
772,779,包括
772,780,包括
772,781,包括
772,782,包括
772,783,包括
772,784,包括
773,785,包括
773,786,包括
773,787,包括
764,788,包括
764,789,包括
788,790,包括
788,791,包括
789,792,包括
789,793,包括
789,794,包括
765,795,包括
765,796,包括
765,797,包括
795,798,包括
795,799,包括
795,800,包括
796,801,包括
796,802,包括
796,803,包括
796,804,包括
797,805,包括
797,806,包括
797,807,包括
797,808,包括
766,809,包括
766,810,包括
809,811,包括
809,812,包括
809,813,包括
810,814,包括
810,815,包括
767,816,包括
767,817,包括
767,818,包括
767,819,包括
767,820,包括
767,821,包括
767,822,包括
816,823,包括
816,824,包括
816,825,包括
816,826,包括
817,827,包括
817,828,包括
817,829,包括
817,830,包括
818,831,包括
818,832,包括
818,833,包括
819,834,包括
819,835,包括
819,836,包括
819,837,包括
819,838,包括
819,839,包括
819,840,包括
820,841,包括
820,842,包括
820,843,包括
820,844,包括
820,845,包括
820,846,包括
820,847,包括
821,848,包括
821,849,包括
821,850,包括
821,851,包括
821,852,包括
821,853,包括
821,854,包括
821,855,包括
821,856,包括
821,857,包括
822,858,包括
822,859,包括
822,860,包括
822,861,包括
822,862,包括
822,863,包括
822,864,包括
822,865,包括
822,866,包括
768,867,包括
768,868,包括
768,869,包括
768,870,包括
768,871,包括
768,872,包括
769,873,包括
769,874,包括
769,875,包括
769,876,包括
770,877,包括
770,878,包括
770,879,包括
770,880,包括
771,881,包括
771,882,包括
771,883,包括
771,884,包括
885,886,包括
885,887,包括
886,888,包括
886,889,包括
888,890,包括
888,891,包括
888,892,包括
889,893,包括
889,894,包括
889,895,包括
887,896,包括
887,897,包括
887,898,包括
896,899,包括
896,900,包括
898,901,包括
902,903,包括（申论）
902,904,包括（申论）
903,905,包括（申论）
903,906,包括（申论）
903,907,包括（申论）
905,908,包括（申论）
905,909,包括（申论）
905,910,包括（申论）
909,911,包括（申论）
909,912,包括（申论）
909,913,包括（申论）
909,914,包括（申论）
909,915,包括（申论）
910,916,包括（申论）
910,917,包括（申论）
910,918,包括（申论）
910,919,包括（申论）
910,920,包括（申论）
906,921,包括（申论）
906,922,包括（申论）
906,923,包括（申论）
922,924,包括（申论）
922,925,包括（申论）
922,926,包括（申论）
923,927,包括（申论）
923,928,包括（申论）
923,929,包括（申论）
927,930,包括（申论）
927,931,包括（申论）
927,932,包括（申论）
927,933,包括（申论）
927,934,包括（申论）
928,935,包括（申论）
928,936,包括（申论）
928,937,包括（申论）
928,938,包括（申论）
929,939,包括（申论）
929,940,包括（申论）
929,941,包括（申论）
929,942,包括（申论）
907,943,包括（申论）
907,944,包括（申论）
943,945,包括（申论）
943,946,包括（申论）
943,947,包括（申论）
944,948,包括（申论）
944,949,包括（申论）
944,950,包括（申论）
948,951,包括（申论）
948,952,包括（申论）
948,953,包括（申论）
949,954,包括（申论）
949,955,包括（申论）
949,956,包括（申论）
949,957,包括（申论）
904,958,包括（申论）
904,959,包括（申论）
904,960,包括（申论）
904,961,包括（申论）
904,962,包括（申论）
904,963,包括（申论）
904,964,包括（申论）
904,965,包括（申论）
904,966,包括（申论）
958,967,包括（申论）
958,968,包括（申论）
958,969,包括（申论）
958,970,包括（申论）
968,971,包括（申论）
968,972,包括（申论）
968,973,包括（申论）
971,974,包括（申论）
971,975,包括（申论）
971,976,包括（申论）
974,977,包括（申论）
974,978,包括（申论）
974,979,包括（申论）
975,980,包括（申论）
975,981,包括（申论）
975,976,包括（申论）
969,982,包括（申论）
969,983,包括（申论）
982,984,包括（申论）
982,985,包括（申论）
983,986,包括（申论）
983,987,包括（申论）
983,988,包括（申论）
970,989,包括（申论）
970,990,包括（申论）
970,991,包括（申论）
970,992,包括（申论）
959,993,包括（申论）
959,994,包括（申论）
959,995,包括（申论）
959,996,包括（申论）
959,997,包括（申论）
994,998,包括（申论）
994,999,包括（申论）
994,1000,包括（申论）
995,1001,包括（申论）
995,1002,包括（申论）
996,1003,包括（申论）
996,1004,包括（申论）
996,1005,包括（申论）
997,1006,包括（申论）
997,1007,包括（申论）
997,1008,包括（申论）
960,1009,包括（申论）
960,1010,包括（申论）
960,1011,包括（申论）
960,1012,包括（申论）
960,1013,包括（申论）
1010,1014,包括（申论）
1010,1015,包括（申论）
1010,1016,包括（申论）
1011,1017,包括（申论）
1011,1018,包括（申论）
1011,1019,包括（申论）
1011,1020,包括（申论）
1012,1021,包括（申论）
1012,1022,包括（申论）
1012,1023,包括（申论）
1021,1024,包括（申论）
1021,1025,包括（申论）
1022,1026,包括（申论）
1022,1027,包括（申论）
961,1028,包括（申论）
961,1029,包括（申论）
961,1030,包括（申论）
961,1031,包括（申论）
961,1032,包括（申论）
1029,1033,包括（申论）
1029,1034,包括（申论）
1029,1035,包括（申论）
1030,1036,包括（申论）
1030,1037,包括（申论）
1031,1038,包括（申论）
1031,1039,包括（申论）
1039,1040,包括（申论）
1039,1041,包括（申论）
1039,1042,包括（申论）
1032,1043,包括（申论）
1032,1044,包括（申论）
1032,1045,包括（申论）
962,1046,包括（申论）
962,1047,包括（申论）
962,1048,包括（申论）
962,1049,包括（申论）
962,1050,包括（申论）
1047,1051,包括（申论）
1047,1052,包括（申论）
1047,1053,包括（申论）
1048,1054,包括（申论）
1048,1055,包括（申论）
1049,1056,包括（申论）
1049,1057,包括（申论）
1049,1058,包括（申论）
1058,1059,包括（申论）
1058,1060,包括（申论）
1058,1061,包括（申论）
1058,1062,包括（申论）
963,1063,包括（申论）
963,1064,包括（申论）
963,1065,包括（申论）
963,1066,包括（申论）
963,1067,包括（申论）
963,1068,包括（申论）
963,1069,包括（申论）
1065,1070,包括（申论）
1065,1071,包括（申论）
1065,1072,包括（申论）
1066,1073,包括（申论）
1066,1074,包括（申论）
1066,1075,包括（申论）
1066,1076,包括（申论）
1066,1077,包括（申论）
1073,1078,包括（申论）
1073,1079,包括（申论）
1074,1080,包括（申论）
1074,1081,包括（申论）
1076,1082,包括（申论）
1076,1083,包括（申论）
1068,1084,包括（申论）
1068,1085,包括（申论）
1068,1086,包括（申论）
964,1087,包括（申论）
964,1088,包括（申论）
964,1089,包括（申论）
964,1090,包括（申论）
964,1091,包括（申论）
964,1092,包括（申论）
964,1093,包括（申论）
964,1094,包括（申论）
1090,1095,包括（申论）
1090,1096,包括（申论）
1090,1097,包括（申论）
1091,1098,包括（申论）
1091,1099,包括（申论）
1091,1100,包括（申论）
1091,1101,包括（申论）
1091,1102,包括（申论）
1091,1103,包括（申论）
1092,1104,包括（申论）
1092,1105,包括（申论）
1092,1106,包括（申论）
1105,1107,包括（申论）
1105,1108,包括（申论）
1105,1109,包括（申论）
1105,1110,包括（申论）
1105,1111,包括（申论）
1093,1112,包括（申论）
1093,1113,包括（申论）
1093,1114,包括（申论）
1093,1115,包括（申论）
1094,1116,包括（申论）
1094,1117,包括（申论）
1094,1118,包括（申论）
1094,1119,包括（申论）
1094,1120,包括（申论）
1094,1121,包括（申论）
1094,1122,包括（申论）
1094,1123,包括（申论）
965,1124,包括（申论）
965,1125,包括（申论）
965,1126,包括（申论）
965,1127,包括（申论）
965,1128,包括（申论）
1125,1129,包括（申论）
1125,1130,包括（申论）
1125,1131,包括（申论）
1126,1132,包括（申论）
1126,1133,包括（申论）
1126,1134,包括（申论）
1127,1135,包括（申论）
1127,1136,包括（申论）
1127,1137,包括（申论）
1127,1138,包括（申论）
1137,1139,包括（申论）
1137,1140,包括（申论）
1137,1141,包括（申论）
1128,1142,包括（申论）
1128,1143,包括（申论）
1128,1144,包括（申论）
1128,1145,包括（申论）
1142,1146,包括（申论）
1142,1147,包括（申论）
1146,1148,包括（申论）
1146,1149,包括（申论）
1146,1150,包括（申论）
1147,1151,包括（申论）
1147,1152,包括（申论）
1143,1153,包括（申论）
1143,1154,包括（申论）
1143,1155,包括（申论）
1144,1156,包括（申论）
1144,1157,包括（申论）
1144,1158,包括（申论）
1144,1159,包括（申论）
1145,1160,包括（申论）
1145,1161,包括（申论）
1145,1162,包括（申论）
966,1163,包括（申论）
966,1164,包括（申论）
966,1165,包括（申论）
966,1166,包括（申论）
1163,1167,包括（申论）
1163,1168,包括（申论）
1168,1169,包括（申论）
1168,1170,包括（申论）
1168,1171,包括（申论）
1164,1172,包括（申论）
1164,1173,包括（申论）
1173,1174,包括（申论）
1173,1175,包括（申论）
1173,1176,包括（申论）
1165,1177,包括（申论）
1165,1178,包括（申论）
1177,1179,包括（申论）
1177,1180,包括（申论）
1177,1181,包括（申论）
1177,1182,包括（申论）
1177,1183,包括（申论）
1178,1184,包括（申论）
1178,1185,包括（申论）
1178,1186,包括（申论）
1186,1187,包括（申论）
1186,1188,包括（申论）
1186,1189,包括（申论）
1166,1190,包括（申论）
1166,1191,包括（申论）
1166,1192,包括（申论）
1193,1194,包括（申论）
1193,1195,包括（申论）
1193,1196,包括（申论）
1194,1197,包括（申论）
1194,1198,包括（申论）
1194,1199,包括（申论）
1194,1200,包括（申论）
1194,1201,包括（申论）
1194,1202,包括（申论）
1194,1203,包括（申论）
1194,1204,包括（申论）
1195,1205,包括（申论）
1195,1206,包括（申论）
1195,1207,包括（申论）
1195,1208,包括（申论）
1196,1209,包括（申论）
1196,1210,包括（申论）
1196,1211,包括（申论）
1197,1212,包括（申论）
1197,1213,包括（申论）
1197,1214,包括（申论）
1197,1215,包括（申论）
1197,1216,包括（申论）
1212,1217,包括（申论）
1212,1218,包括（申论）
1212,1219,包括（申论）
1212,1220,包括（申论）
1212,1221,包括（申论）
1212,1222,包括（申论）
1212,1223,包括（申论）
1212,1224,包括（申论）
1212,1225,包括（申论）
1213,1226,包括（申论）
1213,1227,包括（申论）
1213,1228,包括（申论）
1213,1229,包括（申论）
1213,1230,包括（申论）
1227,1231,包括（申论）
1227,1232,包括（申论）
1227,1233,包括（申论）
1227,1234,包括（申论）
1227,1235,包括（申论）
1227,1236,包括（申论）
1227,1237,包括（申论）
1214,1238,包括（申论）
1214,1239,包括（申论）
1214,1240,包括（申论）
1214,1241,包括（申论）
1215,1242,包括（申论）
1215,1243,包括（申论）
1215,1244,包括（申论）
1242,1245,包括（申论）
1242,1246,包括（申论）
1242,1247,包括（申论）
1243,1248,包括（申论）
1243,1249,包括（申论）
1243,1250,包括（申论）
1244,1251,包括（申论）
1244,1252,包括（申论）
1244,1253,包括（申论）
1244,1254,包括（申论）
1244,1255,包括（申论）
1244,1256,包括（申论）
1216,1257,包括（申论）
1216,1258,包括（申论）
1216,1259,包括（申论）
1258,1260,包括（申论）
1258,1261,包括（申论）
1258,1262,包括（申论）
1258,1263,包括（申论）
1259,1264,包括（申论）
1259,1265,包括（申论）
1259,1266,包括（申论）
1259,1267,包括（申论）
1259,1268,包括（申论）
1198,1269,包括（申论）
1198,1270,包括（申论）
1198,1271,包括（申论）
1198,1272,包括（申论）
1269,1273,包括（申论）
1269,1274,包括（申论）
1269,1275,包括（申论）
1273,1276,包括（申论）
1273,1277,包括（申论）
1273,1278,包括（申论）
1274,1279,包括（申论）
1274,1280,包括（申论）
1274,1281,包括（申论）
1274,1282,包括（申论）
1275,1283,包括（申论）
1275,1284,包括（申论）
1275,1285,包括（申论）
1275,1286,包括（申论）
1275,1287,包括（申论）
1270,1288,包括（申论）
1270,1289,包括（申论）
1270,1290,包括（申论）
1288,1291,包括（申论）
1288,1292,包括（申论）
1288,1293,包括（申论）
1288,1294,包括（申论）
1290,1295,包括（申论）
1290,1296,包括（申论）
1290,1297,包括（申论）
1290,1298,包括（申论）
1271,1299,包括（申论）
1271,1300,包括（申论）
1271,1301,包括（申论）
1271,1302,包括（申论）
1299,1303,包括（申论）
1299,1304,包括（申论）
1299,1305,包括（申论）
1299,1306,包括（申论）
1301,1307,包括（申论）
1301,1308,包括（申论）
1301,1309,包括（申论）
1302,1310,包括（申论）
1302,1311,包括（申论）
1302,1312,包括（申论）
1302,1313,包括（申论）
1302,1314,包括（申论）
1302,1315,包括（申论）
1272,1316,包括（申论）
1272,1317,包括（申论）
1272,1318,包括（申论）
1316,1319,包括（申论）
1316,1320,包括（申论）
1316,1321,包括（申论）
1317,1322,包括（申论）
1317,1323,包括（申论）
1317,1324,包括（申论）
1317,1325,包括（申论）
1318,1326,包括（申论）
1318,1327,包括（申论）
1318,1328,包括（申论）
1318,1329,包括（申论）
1318,1330,包括（申论）
1199,1331,包括（申论）
1199,1332,包括（申论）
1199,1333,包括（申论）
1199,1334,包括（申论）
1199,1335,包括（申论）
1199,1336,包括（申论）
1199,1337,包括（申论）
1331,1338,包括（申论）
1331,1339,包括（申论）
1338,1340,包括（申论）
1338,1341,包括（申论）
1338,1342,包括（申论）
1338,1343,包括（申论）
1339,1344,包括（申论）
1339,1345,包括（申论）
1339,1346,包括（申论）
1332,1347,包括（申论）
1332,1348,包括（申论）
1332,1349,包括（申论）
1347,1350,包括（申论）
1347,1351,包括（申论）
1347,1352,包括（申论）
1347,1353,包括（申论）
1347,1354,包括（申论）
1348,1355,包括（申论）
1348,1356,包括（申论）
1348,1357,包括（申论）
1348,1358,包括（申论）
1348,1359,包括（申论）
1348,1360,包括（申论）
1348,1361,包括（申论）
1349,1362,包括（申论）
1349,1363,包括（申论）
1333,1364,包括（申论）
1333,1365,包括（申论）
1364,1366,包括（申论）
1364,1367,包括（申论）
1364,1368,包括（申论）
1365,1369,包括（申论）
1365,1370,包括（申论）
1365,1371,包括（申论）
1365,1372,包括（申论）
1365,1373,包括（申论）
1334,1374,包括（申论）
1374,1375,包括（申论）
1374,1376,包括（申论）
1374,1377,包括（申论）
1374,1378,包括（申论）
1374,1379,包括（申论）
1335,1380,包括（申论）
1335,1381,包括（申论）
1380,1382,包括（申论）
1380,1383,包括（申论）
1382,1384,包括（申论）
1382,1385,包括（申论）
1382,1386,包括（申论）
1382,1387,包括（申论）
1382,1388,包括（申论）
1382,1389,包括（申论）
1382,1390,包括（申论）
1383,1391,包括（申论）
1383,1392,包括（申论）
1383,1393,包括（申论）
1381,1394,包括（申论）
1381,1395,包括（申论）
1381,1396,包括（申论）
1394,1397,包括（申论）
1394,1398,包括（申论）
1394,1399,包括（申论）
1394,1400,包括（申论）
1395,1401,包括（申论）
1395,1402,包括（申论）
1395,1403,包括（申论）
1395,1404,包括（申论）
1396,1405,包括（申论）
1396,1406,包括（申论）
1396,1407,包括（申论）
1396,1408,包括（申论）
1396,1409,包括（申论）
1200,1410,包括（申论）
1200,1411,包括（申论）
1200,1412,包括（申论）
1200,1413,包括（申论）
1201,1414,包括（申论）
1201,1415,包括（申论）
1201,1416,包括（申论）
1202,1417,包括（申论）
1202,1418,包括（申论）
1204,1419,包括（申论）
1204,1420,包括（申论）
1205,1421,包括（申论）
1205,1422,包括（申论）
1205,1423,包括（申论）
1205,1424,包括（申论）
1205,1425,包括（申论）
1206,1426,包括（申论）
1206,1427,包括（申论）
1206,1428,包括（申论）
1207,1429,包括（申论）
1207,1430,包括（申论）
1207,1431,包括（申论）
1207,1432,包括（申论）
1207,1433,包括（申论）
1207,1434,包括（申论）
1207,1435,包括（申论）
1207,1436,包括（申论）
1207,1437,包括（申论）
1207,1438,包括（申论）
1207,1439,包括（申论）
1207,1440,包括（申论）
1207,1441,包括（申论）
1207,1442,包括（申论）
1207,1443,包括（申论）
1207,1444,包括（申论）
1207,1445,包括（申论）
1208,1446,包括（申论）
1208,1447,包括（申论）
1208,1448,包括（申论）
1208,1449,包括（申论）
1209,1450,包括（申论）
1209,1451,包括（申论）
1209,1452,包括（申论）
1209,1453,包括（申论）
1209,1454,包括（申论）
1209,1455,包括（申论）
1209,1456,包括（申论）
1457,1458,包括（申论）
1457,1459,包括（申论）
1457,1460,包括（申论）
1457,1461,包括（申论）
1457,1462,包括（申论）
1458,1463,包括（申论）
1458,1464,包括（申论）
1458,1465,包括（申论）
1458,1466,包括（申论）
1459,1467,包括（申论）
1459,1468,包括（申论）
1459,1469,包括（申论）
1459,1470,包括（申论）
1460,1471,包括（申论）
1460,1472,包括（申论）
1460,1473,包括（申论）
1460,1474,包括（申论）
1461,1475,包括（申论）
1461,1476,包括（申论）
1462,1477,包括（申论）
1462,1478,包括（申论）
1462,1479,包括（申论）
1462,1480,包括（申论）
1463,1481,包括（申论）
1463,1482,包括（申论）
1463,1483,包括（申论）
1482,1484,包括（申论）
1482,1485,包括（申论）
1482,1486,包括（申论）
1485,1487,包括（申论）
1485,1488,包括（申论）
1464,1489,包括（申论）
1464,1490,包括（申论）
1464,1491,包括（申论）
1489,1492,包括（申论）
1489,1493,包括（申论）
1489,1494,包括（申论）
1489,1495,包括（申论）
1490,1496,包括（申论）
1490,1497,包括（申论）
1490,1498,包括（申论）
1491,1499,包括（申论）
1491,1500,包括（申论）
1491,1501,包括（申论）
1465,1502,包括（申论）
1465,1503,包括（申论）
1465,1504,包括（申论）
1465,1505,包括（申论）
1465,1506,包括（申论）
1466,1507,包括（申论）
1466,1508,包括（申论）
1466,1509,包括（申论）
1507,1510,包括（申论）
1507,1511,包括（申论）
1507,1512,包括（申论）
1507,1513,包括（申论）
1508,1514,包括（申论）
1508,1515,包括（申论）
1508,1516,包括（申论）
1509,1517,包括（申论）
1509,1518,包括（申论）
1509,1519,包括（申论）
1467,1520,包括（申论）
1467,1521,包括（申论）
1520,1522,包括（申论）
1520,1523,包括（申论）
1521,1524,包括（申论）
1521,1525,包括（申论）
1468,1526,包括（申论）
1468,1527,包括（申论）
1468,1528,包括（申论）
1468,1529,包括（申论）
1468,1530,包括（申论）
1468,1531,包括（申论）
1526,1532,包括（申论）
1526,1533,包括（申论）
1526,1534,包括（申论）
1526,1535,包括（申论）
1526,1536,包括（申论）
1526,1537,包括（申论）
1526,1538,包括（申论）
1526,1539,包括（申论）
1526,1540,包括（申论）
1526,1541,包括（申论）
1526,1542,包括（申论）
1526,1543,包括（申论）
1526,1544,包括（申论）
1527,1545,包括（申论）
1527,1546,包括（申论）
1527,1547,包括（申论）
1528,1548,包括（申论）
1528,1549,包括（申论）
1528,1550,包括（申论）
1528,1551,包括（申论）
1529,1552,包括（申论）
1529,1553,包括（申论）
1529,1554,包括（申论）
1529,1555,包括（申论）
1530,1556,包括（申论）
1530,1557,包括（申论）
1530,1558,包括（申论）
1530,1559,包括（申论）
1530,1560,包括（申论）
1530,1561,包括（申论）
1530,1562,包括（申论）
1530,1563,包括（申论）
1530,1564,包括（申论）
1530,1565,包括（申论）
1530,1566,包括（申论）
1530,1567,包括（申论）
1530,1568,包括（申论）
1530,1569,包括（申论）
1530,1570,包括（申论）
1530,1571,包括（申论）
1531,1572,包括（申论）
1531,1573,包括（申论）
1531,1574,包括（申论）
1531,1575,包括（申论）
1469,1576,包括（申论）
1469,1577,包括（申论）
1469,1578,包括（申论）
1470,1579,包括（申论）
1470,1580,包括（申论）
1471,1581,包括（申论）
1471,1582,包括（申论）
1581,1583,包括（申论）
1581,1584,包括（申论）
1583,1585,包括（申论）
1583,1586,包括（申论）
1582,1587,包括（申论）
1582,1588,包括（申论）
1587,1589,包括（申论）
1587,1590,包括（申论）
1587,1591,包括（申论）
1588,1592,包括（申论）
1588,1593,包括（申论）
1588,1594,包括（申论）
1588,1595,包括（申论）
1588,1596,包括（申论）
1472,1597,包括（申论）
1472,1598,包括（申论）
1597,1599,包括（申论）
1597,1600,包括（申论）
1599,1601,包括（申论）
1599,1602,包括（申论）
1599,1603,包括（申论）
1599,1604,包括（申论）
1598,1605,包括（申论）
1598,1606,包括（申论）
1598,1607,包括（申论）
1473,1608,包括（申论）
1473,1609,包括（申论）
1474,1610,包括（申论）
1474,1611,包括（申论）
1474,1612,包括（申论）
1474,1613,包括（申论）
1610,1614,包括（申论）
1610,1615,包括（申论）
1610,1616,包括（申论）
1614,1617,包括（申论）
1614,1618,包括（申论）
1614,1619,包括（申论）
1615,1620,包括（申论）
1615,1621,包括（申论）
1615,1622,包括（申论）
1615,1623,包括（申论）
1616,1624,包括（申论）
1616,1625,包括（申论）
1616,1626,包括（申论）
1616,1627,包括（申论）
1475,1628,包括（申论）
1475,1629,包括（申论）
1475,1630,包括（申论）
1475,1631,包括（申论）
1629,1632,包括（申论）
1629,1633,包括（申论）
1629,1634,包括（申论）
1629,1635,包括（申论）
1629,1636,包括（申论）
1629,1637,包括（申论）
1476,1638,包括（申论）
1476,1639,包括（申论）
1476,1640,包括（申论）
1476,1641,包括（申论）
1476,1642,包括（申论）
1476,1643,包括（申论）
1631,1644,包括（申论）
1631,1645,包括（申论）
1631,1646,包括（申论）
1631,1647,包括（申论）
1631,1648,包括（申论）
1631,1649,包括（申论）
1631,1650,包括（申论）
1631,1651,包括（申论）
1631,1652,包括（申论）
1477,1653,包括（申论）
1477,1654,包括（申论）
1477,1655,包括（申论）
1654,1656,包括（申论）
1654,1657,包括（申论）
1654,1658,包括（申论）
1654,1659,包括（申论）
1654,1660,包括（申论）
1654,1661,包括（申论）
1655,1662,包括（申论）
1655,1663,包括（申论）
1655,1664,包括（申论）
1478,1665,包括（申论）
1478,1666,包括（申论）
1478,1667,包括（申论）
1665,1668,包括（申论）
1665,1669,包括（申论）
1665,1670,包括（申论）
1665,1671,包括（申论）
1665,1672,包括（申论）
1665,1673,包括（申论）
1666,1674,包括（申论）
1666,1675,包括（申论）
1666,1676,包括（申论）
1666,1677,包括（申论）
1479,1678,包括（申论）
1479,1679,包括（申论）
1679,1681,包括（申论）
1679,1682,包括（申论）
1679,1683,包括（申论）
1679,1684,包括（申论）
1679,1685,包括（申论）
1679,1686,包括（申论）
1679,1687,包括（申论）
1679,1688,包括（申论）
1683,1689,包括（申论）
1683,1690,包括（申论）
1684,1691,包括（申论）
1684,1692,包括（申论）
1684,1693,包括（申论）
1685,1694,包括（申论）
1685,1695,包括（申论）
1686,1696,包括（申论）
1686,1697,包括（申论）
1687,1698,包括（申论）
1687,1699,包括（申论）
1687,1700,包括（申论）
1698,1701,包括（申论）
1698,1702,包括（申论）
1480,1703,包括（申论）
1480,1704,包括（申论）
1703,1705,包括（申论）
1703,1706,包括（申论）
1703,1707,包括（申论）
1704,1708,包括（申论）
1704,1709,包括（申论）
1704,1710,包括（申论）
1704,1711,包括（申论）
1712,1713,包括（申论）
1712,1714,包括（申论）
1712,1715,包括（申论）
1712,1716,包括（申论）
1712,1717,包括（申论）
1713,1718,包括（申论）
1713,1719,包括（申论）
1718,1720,包括（申论）
1718,1721,包括（申论）
1720,1722,包括（申论）
1720,1723,包括（申论）
1722,1724,包括（申论）
1722,1725,包括（申论）
1722,1726,包括（申论）
1723,1727,包括（申论）
1723,1728,包括（申论）
1721,1729,包括（申论）
1721,1730,包括（申论）
1721,1731,包括（申论）
1721,1732,包括（申论）
1719,1733,包括（申论）
1719,1734,包括（申论）
1733,1735,包括（申论）
1733,1736,包括（申论）
1734,1737,包括（申论）
1734,1738,包括（申论）
1737,1739,包括（申论）
1737,1740,包括（申论）
1737,1741,包括（申论）
1737,1742,包括（申论）
1737,1743,包括（申论）
1738,1744,包括（申论）
1738,1745,包括（申论）
1738,1746,包括（申论）
1738,1747,包括（申论）
1738,1748,包括（申论）
1748,1749,包括（申论）
1748,1750,包括（申论）
1717,1751,包括（申论）
1717,1752,包括（申论）
1751,1753,包括（申论）
1751,1754,包括（申论）
1753,1755,包括（申论）
1753,1756,包括（申论）
1753,1757,包括（申论）
1753,1758,包括（申论）
1753,1759,包括（申论）
1753,1760,包括（申论）
1753,1761,包括（申论）
1754,1762,包括（申论）
1754,1763,包括（申论）
1752,1764,包括（申论）
1752,1765,包括（申论）
1752,1766,包括（申论）
1764,1767,包括（申论）
1764,1768,包括（申论）
1764,1769,包括（申论）
1765,1770,包括（申论）
1765,1771,包括（申论）
1765,1772,包括（申论）
1765,1773,包括（申论）
1772,1774,包括（申论）
1772,1775,包括（申论）
1772,1776,包括（申论）
1773,1777,包括（申论）
1773,1778,包括（申论）
1766,1779,包括（申论）
1766,1780,包括（申论）
1766,1781,包括（申论）
1766,1782,包括（申论）
1779,1783,包括（申论）
1779,1784,包括（申论）
1780,1785,包括（申论）
1780,1786,包括（申论）
1780,1787,包括（申论）
1780,1788,包括（申论）
1781,1789,包括（申论）
1781,1790,包括（申论）
1782,1791,包括（申论）
1782,1792,包括（申论）
1714,1793,包括（申论）
1714,1794,包括（申论）
1793,1795,包括（申论）
1793,1796,包括（申论）
1795,1797,包括（申论）
1795,1798,包括（申论）
1797,1799,包括（申论）
1797,1800,包括（申论）
1797,1801,包括（申论）
1798,1802,包括（申论）
1798,1803,包括（申论）
1796,1804,包括（申论）
1796,1805,包括（申论）
1796,1806,包括（申论）
1794,1807,包括（申论）
1794,1808,包括（申论）
1794,1809,包括（申论）
1807,1810,包括（申论）
1807,1811,包括（申论）
1807,1812,包括（申论）
1808,1813,包括（申论）
1808,1814,包括（申论）
1808,1815,包括（申论）
1808,1816,包括（申论）
1809,1817,包括（申论）
1809,1818,包括（申论）
1818,1819,包括（申论）
1818,1820,包括（申论）
1819,1821,包括（申论）
1819,1822,包括（申论）
1820,1823,包括（申论）
1820,1824,包括（申论）
1820,1825,包括（申论）
1715,1826,包括（申论）
1715,1827,包括（申论）
1826,1828,包括（申论）
1826,1829,包括（申论）
1828,1830,包括（申论）
1828,1831,包括（申论）
1829,1832,包括（申论）
1829,1833,包括（申论）
1833,1834,包括（申论）
1833,1835,包括（申论）
1827,1836,包括（申论）
1827,1837,包括（申论）
1836,1838,包括（申论）
1836,1839,包括（申论）
1836,1840,包括（申论）
1838,1841,包括（申论）
1838,1842,包括（申论）
1838,1843,包括（申论）
1838,1844,包括（申论）
1843,1845,包括（申论）
1843,1846,包括（申论）
1837,1847,包括（申论）
1837,1848,包括（申论）
1847,1849,包括（申论）
1847,1850,包括（申论）
1847,1851,包括（申论）
1716,1852,包括（申论）
1716,1853,包括（申论）
1852,1854,包括（申论）
1852,1855,包括（申论）
1854,1856,包括（申论）
1854,1857,包括（申论）
1853,1858,包括（申论）
1853,1859,包括（申论）
1853,1860,包括（申论）
1853,1861,包括（申论）
1858,1862,包括（申论）
1858,1863,包括（申论）
1862,1864,包括（申论）
1862,1865,包括（申论）
1862,1866,包括（申论）
1862,1867,包括（申论）
1863,1868,包括（申论）
1863,1869,包括（申论）
1868,1870,包括（申论）
1868,1871,包括（申论）
1869,1872,包括（申论）
1869,1873,包括（申论）
1869,1874,包括（申论）
1869,1875,包括（申论）
1859,1876,包括（申论）
1859,1877,包括（申论）
1859,1878,包括（申论）
1876,1879,包括（申论）
1876,1880,包括（申论）
1879,1881,包括（申论）
1879,1882,包括（申论）
1880,1883,包括（申论）
1880,1884,包括（申论）
1877,1885,包括（申论）
1877,1886,包括（申论）
1877,1887,包括（申论）
1878,1888,包括（申论）
1878,1889,包括（申论）
1878,1890,包括（申论）
1860,1891,包括（申论）
1860,1892,包括（申论）
1860,1893,包括（申论）
1891,1894,包括（申论）
1891,1895,包括（申论）
1891,1896,包括（申论）
1892,1897,包括（申论）
1892,1898,包括（申论）
1898,1899,包括（申论）
1898,1900,包括（申论）
1893,1901,包括（申论）
1893,1902,包括（申论）
1861,1903,包括（申论）
1861,1904,包括（申论）
1861,1905,包括（申论）
1861,1906,包括（申论）
1861,1907,包括（申论）
1903,1908,包括（申论）
1903,1909,包括（申论）
1903,1910,包括（申论）
1909,1911,包括（申论）
1909,1912,包括（申论）
1909,1913,包括（申论）
1909,1914,包括（申论）
1909,1915,包括（申论）
1910,1916,包括（申论）
1910,1917,包括（申论）
1910,1918,包括（申论）
1910,1919,包括（申论）
1910,1920,包括（申论）
1904,1921,包括（申论）
1904,1922,包括（申论）
1904,1923,包括（申论）
1904,1924,包括（申论）
1904,1925,包括（申论）
1905,1926,包括（申论）
1905,1927,包括（申论）
1927,1928,包括（申论）
1927,1929,包括（申论）
1927,1930,包括（申论）
1927,1931,包括（申论）
1929,1932,包括（申论）
1929,1933,包括（申论）
1906,1934,包括（申论）
1906,1935,包括（申论）
1906,1936,包括（申论）
1906,1937,包括（申论）
