"entity1	relation	entity2",,
"申论应试常用文体	包括	应用文写作概述；常用应用文写作",,
"应用文写作概述	包括	应用文概念、特点与种类；应用文的立意、素材与结构、应用文的语言与表达方式",,
"应用文概念、特点与种类	包括	应用文的概念和作用；应用文的特点；应用文的种类",,
"应用文的特点	包括	实用性；规范性；真实性和严肃性；简明性；时效性",,
"应用文的种类	包括	公文；事务公文；专用文书；日用文书；法律文书",,
"应用文的立意、素材与结构	包括	应用文的立意；应用文的素材要求；应用文的结构",,
"应用文的素材要求	包括	取材；整理和分析材料；选用材料",,
"应用文的结构	包括	开场白；主体；结尾",,
"开场白	包括	目的引导式；根据理由先导式；提问启发式；说明铺垫式；概述提览式",,
"主体	包括	时间顺序或倒序式；层层递进式；总分结合式；并列式",,
"结尾	包括	总结或综述式；号召或倡议式；补充说明式；惯用固定语式",,
"应用文的语言与表达方式	包括	应用文的语言要求；应用文的表达方式",,
"应用文的语言要求	包括	准确、规范；简炼、实用；通俗、质朴",,
"应用文的表达方式	包括	叙述；说明；议论",,
"叙述	包括	概述、详述、散叙；顺叙、倒叙、插叙；应用文的叙述有三点要求",,
"说明	包括	定义和解释；分类和举例；比较和引用；数字与图表",,
"常用应用文写作	包括	讲话稿；报告；意见；通报；请示；工作计划；工作总结；调查报告；简报",,
"讲话稿	包括	讲话稿的概念和作用；讲话稿的种类及其内容结构；讲话稿的表达技巧；讲话稿的写作要求",,
"讲话稿的种类及其内容结构	包括	报告稿；开幕词、闭幕词；欢迎词、欢送词、答谢词",,
"报告稿	包括	报告稿的特点；报告稿的内容；正文",,
"报告稿的特点	包括	主题的集中性；形式的灵活性；语言的通俗性",,
"报告稿的内容	包括	标题；称谓；正文",,
"讲话稿的表达技巧	包括	讲话稿的表达方式；讲话稿的语言艺术",,
"讲话稿的表达方式	包括	叙述和议论相结合；说明和议论相结合",,
"讲话稿的语言艺术	包括	通俗易懂，说理深刻；生动有趣，形象具体；绘声绘色，富有变化",,
"讲话稿的写作要求	包括	明确要求，了解听众；确定论题，明确观点；典型事例，生动感人；波澜起伏，有张有弛",,
"报告	包括	报告的概念和历史沿革；报告的特点；报告的种类；报告的结构和写作方法",,
"报告的特点	包括	客观的陈述性；行文的时效性；表述的概括性",,
"报告的种类	包括	呈报性报告；呈转型报告",,
"报告的结构和写作方法	包括	标题（报告）；正文（报告）；结尾（报告）",,
"报告的写作要求	包括	陈述事项要完整清楚；材料要真实、重点要突出；报告中不得夹带请示事项",,
"意见	包括	意见的概念；意见的特点；意见的种类；意见的结构和写作方法；意见的写作要求",,
"意见的特点	包括	灵活性；建议性；多向性",,
"意见的种类	包括	按行文方式分；按行文方向分；按行文要求分；按照行为主体分，有单独发文和联合发文",,
"意见的结构和写作方法	包括	标题（意见）；主送机关（意见）；正文（意见）",,
"标题（意见）	包括	完全式标题；省略式标题",,
"主送机关（意见）	包括	上行性意见；下行性意见",,
"通报	包括	通报的概念和历史沿革；通报的特点；通报的种类；通报的写作方法；通报的写作要求",,
"通报的特点	包括	周知性；教育性；针对性",,
"通报的种类	包括	典型通报；情况通报",,
"通报的写作方法	包括	典型通报的写法；情况通报的写法",,
"情况通报的写法	包括	通报的情况；原因分析；希望要求",,
"通报的写作要求	包括	专注时机；选好典型；叙述结合",,
"请示	包括	请示的概念；请示的特点；请示的种类；请示的结合和写作方法；请示的写作要求",,
"请示的特点	包括	行文内容的超前性；行文目的的求复性；请求事项的单一性",,
"请求的种类	包括	请求批转的请示；请求批准的请示",,
"请求的结合和写作方法	包括	标题（请示）；主送机关（请示）；正文（请示）",,
"正文（请示）	包括	请示的缘由；请示的事项；请示的要求；附件",,
"工作计划	包括	工作计划的含义；工作计划的作用；工作计划的特点；工作计划的分类；工作计划的结构；制订计划的过程；工作计划的撰写要求",,
"工作计划的特点	包括	明确的目的性，很强的预见性；实施的可行性；行政的约束力",,
"工作计划的分类	包括	按内容分类；按性质分类；按范围分类；按时间分类；按计划内容的成熟程度分类",,
"按内容分类	包括	综合计划；单项计划",,
"按性质分类	包括	指令性计划；指导性计划",,
"按时间分类	包括	长期计划；短期计划",,
"制订计划的过程	包括	准备阶段；平衡阶段；确定计划阶段",,
"工作总结	包括	工作总结的含义；工作总结的作用；总结与计划的关系；工作总结的特点；工作总结的种类；工作总结的一般格式；总结常用的结构格式；工作总结的撰写要求",,
"总做总结的特点	包括	是对自身实践经验的真实概括；是业务性和思想性的结合；是人们认识客观规律的重要方法",,
"总做总结的种类	包括	按内容分类（总结）；按时间分类（总结）；按范围分类（总结）；按性质分类（总结）；按功用分类（总结）；按目的分类（总结）",,
"工作总结的一般格式	包括	开头（总结）；主体（总结）；结尾（总结）",,
"主体（总结）	包括	基本情况（总结）；成绩和收获（总结）；经验和体会（总结）；存在的问题和教训（总结）；今后的设想和安排（总结）",,
"总结常用的结构形式	包括	四段式；阶段式；分方面阐述经验体会的方式；纵横交叉式",,
"工作总结的撰写要求	包括	掌握全面情况和整个工作过程；实事求是，切记虚假；要善于抓重点；要总结出规律性的东西；对照计划，认真检查；结构紧凑，通篇连贯；语言要准确、简洁、朴实；写出特色，切忌平庸",,
"调查报告	包括	调查报告的性质和作用；调查报告的特点；调查报告的种类；调查报告的结构及写法；怎样写好调查报告",,
"调查报告的特点	包括	针对性强；凭借事实说话；揭示事物的规律性",,
"调查报告的种类	包括	反映基本情况的调查报告；典型经验的调查报告；揭露问题的调查报告",,
"调查报告的结构及写法	包括	标题（调查报告）；导语（调查报告）；主文（调查报告）；结语（调查报告）",,
"主文（调查报告）	包括	纵式结构；横式结构；综合式结构",,
"怎样写好调查报告	包括	搞好调查研究；详尽地占有资料；认真分析材料，找出规律性的东西；恰当地运用材料，为阐明观点服务",,
"搞好调查研究	包括	端正态度，实事求是；讲究方法，有的放矢",,
"端正态度，实事求是	包括	客观地调查；全面地调查；深入地调查",,
"讲究方法，有的放矢	包括	制订调查计划；确定调查方式",,
"详尽地占有资料	包括	现实材料与历史材料；“点”的材料和“面”的材料；正面材料和反面材料",,
"认真分析材料，找出规律性的东西	包括	去粗取精；去伪存真；由此及彼；由表及里",,
"恰当地运用材料，为阐明观点服务	包括	用典型材料说明观点；运用对比材料说明观点；运用统计数字说明观点",,
"简报	包括	简报的含义和特点；简报的作用和分类；写作方法和编辑方法；写作与编辑要求",,
"简报的含义和特点	包括	含义（简报）；特点（简报）",,
"特点（简报）	包括	取材限于本单位的情况；要求及时地反映现实情况的变化；阅读范围有一定的限制",,
"简报的作用和分类	包括	作用（简报）；分类（简报）",,
"分类（简报）	包括	情况简报；专题简报；会议简报",,
"写作方法和编辑方法	包括	写作方法；编辑方法",,
"写作方法	包括	专题类的写法；综合类的写法；新闻报道类写法；集纳类的写法；进程类的写法",,
"编辑方法	包括	选稿；写按语；版面编排",,
"版面编排	包括	报头；正文（简报）；报尾",,
"写作与编辑要求	包括	要了解全局，服务全局；内容必须真实可靠；简明扼要，言简意骇",,
"申论热点与实用知识	包括	申论八大类热点问题与原因对策分析；申论写作常用哲学原理与方法论；最新时事政策解读",,
"申论八大类热点问题与原因对策分析	包括	政治类；公共管理；民生；经济建设；环境问题；人才问题；文化建设；新农村建设",,
"申论写作常用哲学原理与方法论	包括	辩证唯物论；辩证唯物主义认识论；唯物辩证法；历史唯物主义",,
"最新时事政策解读	包括	党的十七大报告解读精选；党的十七届三中全会精神；党的十七届四中全会公报",,
"政治类	包括	科学发展观；和谐社会；社会主义荣辱观；依法治国；执政能力",,
"科学发展观	包括	提出背景（科学发展观）；提出科学发展观的意义；如何践行科学发展观；我国面临的矛盾和问题（科学发展观的现实依据）；解决我国面临的矛盾和问题的方略（贯彻科学发展观要处理好七个关系）；我国经济建设存在的突出的问题和对策；坚持可持续发展（统筹人与自然的和谐发展）；坚持以人为本；树立正确的政绩观",,
"和谐社会	包括	为什么要不断提高构建社会注意和谐社会的能力；探索建设社会主义和谐社会的有效途径；如何构建和谐社会；社会成员收入差距过大问题；信访问题",,
"探索建设社会主义和谐社会的有效途径	包括	关键在于制度创新；合理分配经济增长带来的财富；合理分担改革与发展的成本；避免改革与发展的非制度化陷阱；维护“体制外”社会群体的基本权益；大力促进社会注意因素的增长；建立社会预警与利益平衡机制",,
"社会主义荣辱观	包括	社会主义荣辱观的含义及提出的意义；现阶段提出荣辱观的必然性；树立和践行社会主义荣辱观；重点工作",,
"依法治国	包括	问题（依法治国）；原因（依法治国）；对策（依法治国）",,
"问题（依法治国）	包括	党政不分；官僚主义现象；家长制现象",,
"原因（依法治国）	包括	大量的法律法规规范“官”的行为极少；立法中部门利益、地方利益倾向明显；法律的立、改、废缺乏科学规划",,
"对策（依法治国）	包括	加强立法工作，提高法律质量；严格依法办事；增强全民的法律意识和法制观念；大力推进制度创新；改革和完善党的领导方式和执政方式；建立权力制约和监督机制",,
"执政能力	包括	问题（执政能力）；原因（执政能力）；对策（执政能力)",,
"原因（执政能力）	包括	体制原因；工作机制原因；能力与素质原因；思想认识原因",,
"对策（执政能力）	包括	提高党员的素质；完善执政方略；健全党的执政体制；加强科学执政方式；巩固执政基础",,
"公共管理	包括	政府诚信专题；户籍制度改革；突发公共事件；服务型政府",,
"政府诚信专题	包括	问题（公共管理）；原因（公共管理）；对策（公共管理）",,
"问题（公共管理）	包括	政权机构的内部缺乏诚信；政权机构对公众缺乏诚信；行政机关对公众的不诚信则表现在多方面",,
"原因（公共管理）	包括	计划经济体制的影响；法制的不健全；政府道德建设薄弱；我国的公务员体制还有待完善",,
"对策（公共管理)	包括	强化从政道德教育；加强法制建设；大力推进政务公开；加强政府工作人员的作风考察；加大媒体宣传力度，营造诚信的社会氛围",,
"户籍制改革	包括	问题（户籍制）；原因（户籍制）；对策（户籍制）",,
"问题（户籍制）	包括	户籍制度和市场经济的发展要求不相适应；从结构优化的角度，户籍制度限制人口流动不利于产业结构升级；现行户籍制度不利于增加农民的收入；对城乡区别对待，实行不同的福利待遇",,
"对策（户籍制）	包括	户籍和社会待遇脱钩；集中人口管理权，成立统一的管理部门；实行统一的人口；逐步降低人口迁移的门槛",,
"突发公共事件	包括	问题（突发公共事件）；对策（突发公共事件）；原因（突发公共事件）；民爆行业安全对策",,
"问题（突发公共事件）	包括	自然灾害；事故灾害；公共卫生事件；社会安全事件",,
"原因（突发公共事件）	包括	缺少处理重大突发事件的基本法律；信息管理系统落后；公共服务体系薄弱",,
"民爆行业安全对策	包括	推动民爆行业实行调整重组；制定行业和地区发展规划；推动行业技术进步，提高本质安全水平；加强法规建设；健全安全监管体系，落实属地监管责任；加强民爆企业人才培养和员工培训",,
"服务型政府	包括	问题（服务型政府）；原因（服务型政府）；对策（服务型政府）",,
"问题（服务型政府）	包括	政府对微观经济特别是国有经济的干预过多；公共服务职能弱化；政府应急职能的不完善",,
"原因（服务型政府）	包括	我国政府职能一直存在越位；中国加入WTO后被要求政府加快改革；我国的法律制度不够完善；我国政府行为存在思想意识上的偏差",,
"对策（服务型政府）	包括	提升政府行政过程中的透明度；政府要“放权”；逐步完善我国的法律制度；改善政府经济管理的方式；加快政府管理经济观念的根本性转变",,
"民生	包括	社会保障制度；公共安全；房地产改革；城市交通堵塞；教育公平及乱收费；医疗制度改革；社会保障问题",,
"社会保障制度		原因（社会保障）；对策（社会保障）",,
"原因（社会保障）		覆盖面小，实施范围窄；社会化程度低，保障功能差；社会保障缺乏法律保证；社会保障管理体制分散、政出多门",,
"对策（社会保障）		加快城镇养老保险制度改革；加快失业保险制度改革；逐步完善整个社会保障体系",,
"公共安全		原因（公共安全）；对策（公共安全）；具体问题（公共安全）",,
"原因（公共安全）		体制转型期内产生的社会震荡；收入差距拉大产生的变态利益需求取向；大规模人口流动产生的附带性社会治安问题；政府职能转换期内产生的社会调控能力弱化；国际犯罪活动对国内产生的冲击",,
"对策（公共安全）		健全体制，明确责任；居安思危；强化法治；依靠科技；协同应对，快速反应；加强基层，全民参与；加大宣传力度",,
"具体问题（公共安全）		食品安全问题（以阜阳劣质奶粉事件为例）；安全生产问题（矿难问题）",,
"房地产改革		问题及原因（房地产改革）；对策（房地产改革）",,
"问题及原因（房地产改革）		供应与需求脱节；户型超标和开放商暴利问题；销售环节的漏洞",,
"对策（房地产改革）		优化土地供应结构；加强普通商品住宅的建设；进一步完善金融等方面的政策措施；继续整顿房地产业的市场秩序；完善住房公积金制度",,
"城市交通堵塞		城市交通安全解决方案及城市交通堵塞的原因分析",,
"城市交通安全解决方案及撤出那个是交通堵塞的原因分析		道路交通特性和车流特性不匹配；交通需求密度与交通供给密度不匹配；城市道路的级配理论造成各路段的交通特性不匹配；城市交通规划的思路与城市交通发展的客观规律不匹配；道路间断流交通特性与快速公交不匹配",,
"教育公平及乱收费		上学难问题；乱收费问题",,
"上学难问题		原因（上学难）；措施（上学难）",,
"原因（上学难）		政府投入不足；教学资源不公平；家长们的期望值太高；利益驱使；监督制约机制不健全；查处不全；群众自我保护意识不强",,
"措施（上学难）		加大改革创新力度；加大投入力度，加强教育管理；为教育改革和发展创造良好环境",,
"乱收费问题		原因（乱收费）；危害（乱收费）；对策（乱收费）",,
"原因（乱收费）		利益驱使；监督制约机制不健全；查处不严（乱收费）；群众缺乏自我保护意识",,
"危害（乱收费）		损害了党和政府与人民群众的密切联系；侵害国家和群众利益；腐蚀党的干部；影响安定团结和社会稳定",,
"对策（乱收费）		坚持党委政府统一领导；要树立长抓不屑的思想；要不断制定和完善各项规章制度；进一步拓宽监督面；加大宣传教育力度",,
"经济建设		公平与效率；科技创新；知识产权；商业垄断",,
"辩证唯物论		世界的物质唯一性原理；意识能动作用原理及方法论；物质和意识的辩证关系原理；规律的客观性和普遍性原理及方法论；尊重客观规律和发挥主观能动性辩证关系原理",,
"辩证唯物主义认识论		实践和认识的辩证关系；真理的条件性和具体性；真理的反复性和无限性",,
"唯物辩证法		联系的普遍性原理及方法论；联系的客观性原理及方法论；联系的多样性原理及方法论；整体和部分辩证关系的原理及方法论；系统优化的方法原理及方法论；发展的观点及方法论；事物发展的总趋势（前进性与曲折性）原理及方法论；量变和质变辩证关系的原理及方法论；矛盾（客观性）的观点及方法论；矛盾的普遍性原理及方法论；矛盾的特殊性原理及方法论；矛盾的普遍性和特殊性辩证关系的原理及方法论；主要矛盾和次要矛盾辩证关系的原理及方法论；矛盾的主要方面和次要方面辩证关系的原理及方法论；主次矛盾、矛盾主次方面的辩证关系原理；辩证否定观原理及方法论；辩证法的革命批判精神原理及方法论",,
"历史唯物主义		社会存在与社会意识的辩证关系原理；两大基本规律的矛盾运动原理；人民群众是历史的创造者原理；价值观的导向作用原理",,
"党的十七大报告解读精选		实现社会公平正义是中国共产党人的一贯主张；建设生态文明，节约能源资源，保护生态环境；提高自主创新能力，建设创新型国家；加快转变经济发展方式是关系国民经济全局紧迫而重大的战略任务；发展现代化产业体系；走中国特色农业现代化道路；加强文明建设，明显提高全民族文明素质",,
"申论五大应试能力提高策略	包括	阅读理解能力；分析概括能力；提出方案和解决问题及贯彻执行能力；语言表达能力；议论论证能力",,
"阅读理解能力	包括	阅读理解的基本要求；阅读理解的应试方法与技巧；阅读理解能力存在的问题；阅读理解能力的培养与提高",,
"分析概括能力	包括	分析概括能力概述；分析概括能力的应试方法与技巧；分析概括过程中遇到的问题；分析概括能力的培养与提高",,
"提出问题和解决问题及贯彻执行能力	包括	提出方案和解决问题及贯彻执行能力的基本要求；提出方案的主要方法与应试技巧；提出方案和解决问题过程中应避免的问题；提出方案和解决问题能力提高的方法步骤",,
"语言表达能力	包括	语言表达能力的基本要求；语言表达能力应避免的问题；提出方案和解决问题能力提高的方法步骤",,
"议论论证能力	包括	申论的议论论证能力；议论论证三要素；议论论证的主要方法；申论议论论证能力存在的问题与提高方法",,
"阅读理解能力基本要求	包括	什么是阅读理解能力；阅读理解能力的主要方面；申论的阅读理解能力",,
"阅读理解能力的主要方面	包括	对语言意义的感知和理解；对材料整体内容和形式的理解；对材料价值的评判性理解",,
"对材料整体内容和形式的理解	包括	对材料内容的理解；对材料形式的理解",,
"阅读理解的应试方法与技巧	包括	第一步阅读理解的原则；第二步阅读理解的应试方法；第三步阅读理解能力的提升要素",,
"第一步阅读理解的原则	包括	时间原则；整体把握的原则；筛选性原则；抓关键点的原则",,
"第二步阅读理解的应试方法	包括	阅读第一遍――了解材料内容；阅读第二遍――理清脉络；阅读第三遍――检查发现有无遗漏和误解",,
"第三步阅读理解能力的提升要素	包括	认知材料；理解材料内容；评判材料意义",,
"阅读理解能力存在的问题	包括	抓住一点，不及其余；只见现象不见实质；泛论关系，不见重点；刻意求异，忽视集中；错会逆向，全盘否定",,
"阅读理解能力的培养与提高	包括	阅读方式的培养；阅读方法训练；阅读理解能力的培养",,
"阅读方式的培养	包括	略读；精读；速读；跳读",,
"阅读方法训练	包括	需要性原则；可行性原则；特长性原则",,
"阅读理解能力的培养与提高	包括	认读能力及其培养；理解能力及其培养；评论能力及其培养",,
"分析概括能力概述	包括	综合分析能力；概括能力",,
"综合分析能力	包括	应弄清“材料”反应的问题；分清主要问题和次要问题",,
"概括能力	包括	概述内容；概述观点",,
"分析概括能力的应试方法与技巧	包括	综合分析的基本方法；综合概括的方法；分析一般材料的方法；概括复杂材料的常见方法；概括材料的具体方法；应试技巧（分析）",,
"综合分析的基本方法	包括	单项分析法；相关分析法；分类分析法；构成分析法；条件分析法；因素分析法；参照对比分析法；平衡分析法；趋势分析法；综合分析法；定性分析与定了那个分析相结合；因果分析法；求同存异法",,
"综合概括的方法	包括	感性认识中的知觉综合；抽象思维中的简单综合；辩证思维的综合",,
"分析一般材料的方法	包括	查原因；明关系；抓关键；贬是非",,
"概括复杂材料的常见方法	包括	同中求异；异中球同；异中辨异；互补叠加",,
"概括材料的具体方法	包括	求同辨异法；追本溯源法；联想类推法；抽象概括法；发散凝聚法；还原坐实法；发问质疑法；提要钩玄法；模式识别法；概念观照法；逐字推敲法；归类比较法；抓关键词法；抓概要句法；挖潜台词法；推陈出新法",,
"应试技巧	包括	找准角度；突出主旨；思路清晰，逻辑严密；要言不烦",,
"分析概括过程中应避免的问题	包括	应当主义避免欠“准”；应当避免欠“深”；应当避免欠“新”",,
"分析概括能力的培养与提高	包括	分析与理解能力的培养与提高；综合与概括能力的培养与提高",,
"提出方案和解决问题及贯彻执行能力的基本要求	包括	提出方案和解决问题及贯彻执行能力要求；提出方案的答题要求与基本原则",,
"提出方案和解决问题及贯彻执行能力要求	包括	方案设计能力；方案评估能力",,
"方案设计能力	包括	轮廓设计；详细设计",,
"提出方案的答题要求与基本原则	包括	答题要求（提出方案）；基本原则（提出答案）",,
"答题要求（提出方案）	包括	明确给定的角色；明确方案的针对性；明确方案的可操作性",,
"基本原则（提出方案）	包括	有利于国家经济和社会发展的原则；兼顾国家、集体、企事业单位和个人利益的原则；博采众长的原则；依法办事的原则；稳妥灵活、机智巧妙的原则",,
"提出方案的主要方法与应试技巧	包括	提出方案对策的两把“金钥匙”；应试技巧（提出方案）",,
"提出方案对策的两把“金钥匙”	包括	提出方案的四点要求；提出对策的答题方法",,
"提出方案的四点要求	包括	必须具有针对性；必须具有可行性；必须合情、合理、合法；必须符合“虚拟身份”",,
"应试技巧（提出答案）	包括	忌身份失当；忌空话、套话、外行话；忌主次部分",,
"提出方案和解决问题过程中应避免的问题	包括	身份定位不准；没有建设性的意见",,
"提出方案和解决问题能力提高的方法步骤	包括	明确题目考察的要求；明确拟定方案的一般步骤；掌握方案的要素、结构；检查方案的完整性和可行性",,
"明确题目考察的要求	包括	确定问题；分析问题；确定决策目标",,
"确定问题	包括	要明确是谁的责任；评估风险；要意识到哪些因素将影响你对问题的解决",,
"分析问题	包括	明确决策的时间范围；对同一个问题，在思考时尝试用不同的方法来解决；先确定主旨；对未来目标的设计既要积极又要现实",,
"确定决策目标	包括	认清确定决策目标的意义；分清决策目标的层次；目标要分轻重缓急；要指明目标的约束条件",,
"语言表达能力的基本要求	包括	总体要求（语言表达）；文体的要求（语言表达）；语言特色和风格的要求",,
"文体的要求（语言表达）	包括	适当的权威性；行为的严肃性；思想的实用性和指导性；通俗性和易读性；虚实的交互性；生动性和应变形",,
"语言表达能力应避免的问题	包括	语体不合适；词不达意；遣词造句能力差；语言冗长；文理不通；乱用标点符号",,
"语言表达能力提高的方法	包括	准确（语言表达）；通顺（语言表达）；简明（语言表达）；朴实（语言表达）；生动（语言表达）；通俗易懂，平实朴素（语言表达）；既动之以情，又晓之以理；言简意骇（语言表达）；长短适宜（语言表达）",,
"申论的议论论证能力	包括	议论论证能力概述；议论文的特点；议论的基本结构",,
"议论文的特点	包括	议论主题的明确性和集中性；议论主题的简约性；议论的主导性；议论的理论性；议论的逻辑性；议论的启发性和教育性",,
"议论的基本结构	包括	引论；本论；结论（议论）",,
"议论论证三要素	包括	论点；论据；论证",,
"论点	包括	论点要正确；论点要深刻；论点要鲜明；论点要新颖；论点要同一；论点要突出",,
"论据	包括	论据要真实；论据要充分；论据要典型；论据要新鲜",,
"议论论证的主要方法	包括	议论论证的含义；议论论证的方法；",,
"议论论证的方法	包括	例证；引证；比较论证；因果论证；直接证明法；间接证明；反驳论证；比喻论证",,
"比较论证	包括	类比论证法；对比论证法",,
"因果论证	包括	分析主要原因和次要原因；分析产生的原因；分析异因同果、同因异果和互为因果",,
"直接证明法	包括	演绎法；归纳法",,
"间接证明	包括	反证法；排他法",,
"反驳论证	包括	反驳论点；反驳论据；反驳论证方式",,
"反驳论点	包括	直接反驳；间接反驳",,
"申论议论论证能力存在的问题与提高方法	包括	申论议论论证能力存在的问题；申论议论论证能力提高的方法",,
"申论议论论证能力存在的问题	包括	偏离材料主旨；材料使用不当；不按题目要求作文",,
"申论议论论证能力提高的方法	包括	引申型评论；评述型评论；析理型评论；辩诘型评论",,
"五大模块题目	包括	归纳概括类试题；提出对策类试题；贯彻执行类试题；文章写作类试题；综合分析类试题",,
"归纳概括类试题	包括	题型概述（归纳）；解答流程与方法（归纳）",,
"题型概述（归纳）	包括	题型分类（归纳）；作答要求（归纳）",,
"题型分类（归纳）	包括	归纳概括全部资料类试题；归纳概括部分资料类试题",,
"归纳概括全部资料类试题	包括	概括主要内容；概括主要问题；概括主要内容和概括主要问题的区别",,
"归纳概括部分资料类试题	包括	明确给定资料范围的试题；暗含给定资料范围的试题",,
"作答要求（归纳）	包括	全面（归纳）；准确（归纳）；客观（归纳）；简洁（归纳）",,
"解答流程与方法（归纳）	包括	解答流程（归纳）；方法点拨（归纳）",,
"解答流程（归纳）	包括	提炼要点（归纳）；加工要点（归纳）",,
"方法点拨（归纳）	包括	提炼要点（归纳方法）；加工要点（归纳方法）",,
"提炼要点（归纳方法）	包括	定量分析法――抓关键词；盯头瞄尾法――在段首段尾查找要点；取腹望心法――在段落中部寻找要点；循筋理脉法――理清文脉明确中心思想；层层见骨法――突破外表寻求核心内容",,
"加工要点（归纳方法）	包括	彩线穿珠法；散点透视法；聚焦一点法；线性顺序法；正反对比法",,
"正反对比法	包括	观点对比；事实对比",,
"综合分析类试题	包括	题型概述（综合分析）；解答流程与方法（综合分析）",,
"题型概述（综合分析）	包括	题型分类（综合分析）；作答要求（综合分析）",,
"题型分类（综合分析）	包括	启示型分析题；阐释型分析题；评论型分析题；判断型分析题；关系型分析题；原因型分析题；其他型分析题",,
"作答要求（综合分析）	包括	分析合理；条理清晰",,
"解答流程与方法（综合分析）	包括	解答基本流程；四大基本分析方法；重点题型逐一击破（综合分析）",,
"解答基本流程	包括	仔细审题，准确理解题意；阅读相关资料，提炼要点；筛选有用要点，按逻辑顺序加工",,
"四大基本分析法	包括	矛盾分析法；供需分析法；利益分析法；因果分析法",,
"利益分析法	包括	确定利益的主体及其性质，是利益分析的首要程序；分清利益的层次和地位；利益分析法的落脚点，就是依据分析出的原因，提出相应合理、可行的对策",,
"因果分析法	包括	据因推果；执果索因",,
"重点题型主义击破（综合分析）	包括	启示分析题；阐释分析题；评论分析题；判断分析题",,
"启示分析题	包括	总结经验和教训；分条加以阐述",,
"阐述分析题	包括	直接点名本质含义；紧扣原话解释含义；回到材料深入阐述；做出最后权威结论",,
"评论分析题	包括	针对某一观点或现象进行评论；针对几种不同观点或做法进行评论",,
"判断分析题	包括	文本比较；概述理由",,
"提出对策类试题	包括	题型概述（提出对策）；解答流程与方法（提出对策）",,
"题型概述（提出对策）	包括	题型分类（提出对策）；作答要求（提出对策）",,
"题型分类（提出对策）	包括	常规型对策题；复合型对策题",,
"常规型对策题	包括	直接要求提出对策、建议和思路；给出身份限定；给出角度限定",,
"复合型对策题	包括	分析原因及提出对策；先对对策有效性进行分析，然后修改对策",,
"作答要求（提出对策）	包括	对策的准确、全面；对策的可行性；对策的针对性",,
"解答流程与方法（提出对策）	包括	解答流程（提出对策）；对策的提取；对策的结构",,
"解答流程（提出对策）	包括	分析问题，确定方向；结合材料，提取对策；按照逻辑安排对策",,
"对策的提取	包括	引用材料中的对策；根据问题推出对策；根据原因得到对策；根据经验或教训总结对策",,
"对策的结构	包括	对策的个体；对策的整体",,
"对策的整体	包括	对策的结构；对策的排序",,
"对策的结构	包括	对策的铺垫；对策的主体",,
"对策的排序	包括	并列式排序；按对策的重要性排列；按工作流程排列",,
"贯彻执行类试题	包括	题型概述（贯彻执行）；解答方法（贯彻执行）",,
"题型概述（贯彻执行）	包括	题型分类（贯彻执行）；作答基本要求（贯彻执行）",,
"题型分类（贯彻执行）	包括	宣传通知类试题；工作方案类试题",,
"作答基本要求（贯彻执行）	包括	身份要求；内容要求",,
"内容要求	包括	提纲挈领；符合客观实际",,
"解答方法（贯彻执行）	包括	宣传通知类试题（解答方法）；工作方案类试题（解答方法）",,
"宣传通知类试题（解答方法）	包括	宣传通知的结构；语言风格；宣传通知范例",,
"宣传通知的结构	包括	背景问题――为什么要宣传通知；上级要求――目标；宣传通知――实现目标的做法；目的意义――呼吁性结尾",,
"宣传通知――实现目标的做法	包括	阐述本级组织的举措或决心；对“下级”进行宣传号召",,
"工作方案类试题（解答方法）	包括	工作方案的结构；工作方案范例",,
"工作方案的结构	包括	贯彻；过渡；执行（工作方案）",,
"文章写作类试题	包括	题型概述（文章写作）；解答流程与写作方法（文章写作）",,
"题型概述（文章写作）	包括	题型分类（文章写作）；作答要求与评分标准（文章写作）",,
"题型分类（文章写作）	包括	议论文；策论文",,
"解答流程与写作方法（文章写作）	包括	立意；拟题；布局；写作",,
"立意	包括	论点的基本要求；论点的来源与常用角度",,
"论点的基本要求	包括	论点要明确、集中；论点要正确；论点深刻；论点要新颖",,
"论点的来源与常用角度	包括	从材料中提取论点；提出论点的常用角度",,
"从材料中提取论点	包括	先找分论点，通过分析得出总论点；明确总论点，找分论点来支",,
"提出论点的常用角度	包括	思想层面；制度层面；政策层面；利益层面",,
"拟题	包括	题目的命题要求；拟题的原则；拟题的方法",,
"题目的命题要求	包括	命题作文；自由命题作文",,
"命题作文	包括	给出完整标题；给出一半标题",,
"自由命题作文	包括	不给出拟题条件；给出拟题条件",,
"拟题的原则	包括	贴切（拟题）；简明（拟题）；精炼（拟题）",,
"拟题的方法	包括	拟题从文章主题中概括；拟题从试题给定的条件中提炼；拟题从熟语和经典论题中化用",,
"布局	包括	巧于起笔；层次分明，写好文章的主体部分；果断收笔，写好文章的结尾",,
"巧于起笔	包括	转折递进；浓缩全文主要论点；引述经典名言与权威观点",,
"层次分明，写好文章的主体部分	包括	并列结构；递进结构",,
"递进结构	包括	适用于侧重对策的文章；适用于侧重分析的文章",,
"果断收笔，写好文章的结尾	包括	首尾呼应，紧扣主题；展望未来，升华论点",,
"写作	包括	选材；论证；语言；书写；修改",,
"选材	包括	概述（选材）；选材的基本原则；材料的基本用法",,
"选材的基本原则	包括	一是准；二是精；三是当；四是新；五是平",,
"材料的基本用法	包括	直接引述法；意义复述法；借意再造法；裁剪拼贴法；打散重组法",,
"论证	包括	一是对比法；二是例证法；三是引证法；四是喻证法；五是假设法",,
"语言	包括	语言的运用；修辞策略",,
"修辞策略	包括	用词策略；句式选择；段落组织；语气",,
"句式选择	包括	长句和短句；整句和散句",,
"书写	包括	答案书写在指定位置；文章标题的书写正确；正文书写格式正确；使用标准简化汉字，正确使用标点符号",,
