entity_id:ID,name,:LABEL
0,言语理解与表达,entity
1,片段阅读,entity
2,语句表达,entity
3,逻辑填空,entity
4,篇章阅读,entity
6,图形推理,entity
7,位置规律,entity
8,样式规律,entity
9,属性规律,entity
10,数量规律,entity
11,特殊规律,entity
12,空间重构,entity
13,空间类,entity
14,题型特征（位置规律）,entity
15,平移,entity
16,旋转,entity
17,翻转,entity
18,元素组成相同,entity
19,方向（平移）,entity
20,步数,entity
21,路径,entity
22,粉笔提示（平移）,entity
23,上下、左右、顺逆时针,entity
24,粉笔提示（方向）,entity
25,九宫格中黑白块移动,entity
26,十六宫格中黑白块移动,entity
27,中间有黑块（九宫格）,entity
28,中间没有黑块（九宫格）,entity
29,中间有黑块（十六宫格）,entity
30,中间没有黑块（十六宫格）,entity
31,上下、左右移动,entity
32,考虑外圈顺逆时针移动,entity
33,上下、左右移动（十六宫格）,entity
34,考虑内、外圈分别顺逆时针移动,entity
35,恒定,entity
36,递增/递减,entity
37,循环跑,entity
38,反弹跑,entity
39,命题趋势（路径）,entity
40,识别黑白块的移动,entity
41,做题时需要注意（平移）,entity
42,当题干规律不明显的时候（平移）,entity
43,方向（旋转）,entity
44,角度,entity
45,顺时针,entity
46,逆时针,entity
47,常见角度,entity
48,方向（翻转）,entity
49,上下翻（两图横轴对称）,entity
50,左右翻（两图竖轴对称）,entity
51,题型特征（样式规律）,entity
52,遍历,entity
53,运算,entity
54,元素组成相似,entity
55,缺啥补啥,entity
56,相加、相减,entity
57,求异,entity
58,求同,entity
59,黑白运算,entity
60,特征：图形轮廓和分割区域相同，内部颜色不同,entity
61,方法（黑白运算）,entity
62,相同位置运算,entity
63,粉笔提示（黑白运算）,entity
64,题型特征（属性规律）,entity
65,对称性,entity
66,曲直性,entity
67,开闭性,entity
68,轴对称,entity
69,中心对称,entity
70,既轴对称又中心对称,entity
71,直线图形,entity
72,曲线图形,entity
73,直线+曲线,entity
74,找到一个轴，对折两边重合,entity
75,考点（对称性）,entity
76,图形旋转180得到图形根原图形一致2,entity
77,特征图（中心对称）,entity
78,粉笔提示（中心对称）,entity
79,题型特征（数量规律）,entity
80,点数量,entity
81,线数量,entity
82,面数量,entity
83,素数量,entity
84,角数量,entity
85,元素组成不同，且无明显属性规律,entity
86,数量规律明显,entity
87,特征图（点数量）,entity
88,细化考法：曲直交点,entity
89,线条交叉明显,entity
90,乱糟糟一团线交叉,entity
91,相切较多,entity
92,线条数,entity
93,笔画数,entity
94,直线数特征图,entity
95,曲线数量特征图,entity
96,一笔画,entity
97,多笔画,entity
98,笔画数常见特征图,entity
99,图形在线条不重复的情况下，能一笔画成,entity
100,判定方法,entity
101,线条之间连通,entity
102,奇点数=0或2,entity
103,奇点是指发射出奇数条线的点,entity
104,不存在奇数个奇点的图，奇点数永远是偶数,entity
105,特征（面数量）,entity
106,面,entity
107,注意面和其他规律的复合考法,entity
108,元素种类,entity
109,元素个数,entity
110,部分数,entity
111,特征图（角数量）,entity
112,折线图,entity
113,好好图不好好画,entity
114,多边形改造图,entity
115,功能元素,entity
116,图形间关系,entity
117,作用（功能元素）,entity
118,点,entity
119,箭头,entity
120,观察点的位置,entity
121,单独观察点的位置没有规律,entity
122,指向作用,entity
123,两箭头之间的位置关系,entity
124,特征（图形间关系）,entity
125,相离,entity
126,相交,entity
127,相压,entity
128,图形分开，没有公共部分,entity
129,交面,entity
130,交点,entity
131,交线,entity
132,空间重构（解释）,entity
133,解题思维,entity
134,相对面,entity
135,相邻面,entity
136,判定法（相对面）,entity
137,应用（相对面）,entity
138,两个面在同一行或同一列,entity
139,两个面在“Z”字形两端,entity
140,相对位置法,entity
141,画边法,entity
142,粉笔提示（相邻面）,entity
143,结合选项，找一个特殊面的为一点或唯一边,entity
144,顺/逆时针方向描边,entity
145,题干与选项对应面不一致,entity
146,立体拼合,entity
147,截面图,entity
148,三视图,entity
149,形状相同,entity
150,高低对应,entity
151,解题原则：一刀切,entity
152,截面有弧线,entity
153,截面有矩形,entity
154,截面有三角形,entity
155,六面体,entity
156,圆柱,entity
157,六面体、圆锥,entity
158,角度（三视图）,entity
159,原则（三视图）,entity
160,主视,entity
161,俯视,entity
162,左视,entity
163,三视图一定是平面图形,entity
164,当最外框遮住内部图形时，看不见被遮挡部分,entity
165,逻辑判断,entity
166,翻译推理,entity
167,组合排列,entity
168,日常结论,entity
169,逻辑论证,entity
170,题型特征（翻译推理）,entity
171,解题思维（翻译推理）,entity
172,翻译规则,entity
173,推理规则,entity
174,且与或,entity
175,关于“有的”,entity
176,关于“并非”,entity
177,推理结构相似,entity
178,前推后,entity
179,后推前,entity
180,易错点,entity
181,逆否等价,entity
182,传递规则,entity
183,“且”关系,entity
184,“或”关系,entity
185,德·摩根定律,entity
186,逻辑内涵,entity
187,提问（翻译推理）,entity
188,思维（翻译推理）,entity
189,题型特征（组合排列）,entity
190,常用方法（组合排列）,entity
191,辅助技巧,entity
192,最大信息,entity
193,符号,entity
194,列表,entity
195,对象和信息比较多，借助列表推理,entity
196,最大信息是题干中被提到次数最多的信息，把最大信息作为推理的起点,entity
197,当题干存在比较，如身高、年龄、分数等时，用大于小于符号,entity
198,符号保持一致,entity
199,识别方法,entity
200,解题原则（日常结论）,entity
201,题干为类言语的表述，无逻辑关联词,entity
202,提问方式为“可与i推出”,entity
203,三不选,entity
204,两慎选,entity
205,一优选,entity
206,逻辑错误的不选,entity
207,无中生有的不选,entity
208,偷换概念的不选,entity
209,概念扩大的慎选,entity
210,敏感词,entity
211,绝对化的词,entity
212,比较化的词,entity
213,程度性的词,entity
214,论证三要素,entity
215,解题思路（逻辑论证）,entity
216,加强题型,entity
217,削弱题型,entity
218,比较原则,entity
219,无关选项（逻辑论证）,entity
220,论点,entity
221,论据,entity
222,论证,entity
223,作者的观点、态度、结论,entity
224,如何寻找论点,entity
225,关键词,entity
226,首尾句原则,entity
227,结合提问方式,entity
228,证明论据与论点间关系有效性的方式,entity
229,论证方式很重要，日常生活中论证方式一般是隐含的,entity
230,看清提问,entity
231,找准靶子,entity
232,预想方法,entity
233,对比选项,entity
234,粉笔提示（逻辑论证）,entity
235,题型特征（加强特征）,entity
236,加强方式,entity
237,搭桥,entity
238,必要条件（加强方式）,entity
239,解释原因,entity
240,举例论证,entity
241,粉笔提示（加强方式）,entity
242,题干特征（搭桥）,entity
243,选项特征（搭桥）,entity
244,题干特征（必要条件）,entity
245,选项判别,entity
246,题型特征（削弱题型）,entity
247,削弱方式,entity
248,削弱力度,entity
249,否定论点,entity
250,拆桥,entity
251,否定论据,entity
252,因果论证,entity
253,直接找论点的矛盾命题,entity
254,举反例证明论点错误,entity
255,论点与论据出现不同概念,entity
256,因果倒置,entity
257,他因削弱,entity
258,题干特征（因果倒置）,entity
259,选项特征（因果倒置）,entity
260,因果倒置是一种特殊的论证方式,entity
261,粉笔提示（因果倒置）,entity
262,题干特征（他因削弱）,entity
263,选项特征（他因削弱）,entity
264,粉笔提示（他因削弱）,entity
265,优选直接,entity
266,必然强于可能,entity
267,整体强于部分,entity
268,选项偷换概念,entity
269,题干背景介绍的关键词出现在选项中,entity
270,选项中是对策或措施的,entity
271,类比推理,entity
272,语义关系,entity
273,逻辑关系,entity
274,语法关系,entity
275,近义词,entity
276,反义词,entity
277,比喻义、象征义,entity
278,全同关系,entity
279,并列关系（类比推理）,entity
280,交叉关系,entity
281,包容关系,entity
282,对应关系（逻辑关系）,entity
283,矛盾关系,entity
284,反对关系,entity
285,组成关系,entity
286,种属关系,entity
287,区分关系,entity
288,材料,entity
289,工艺,entity
290,功能,entity
291,属性,entity
292,时间顺序（类比推理）,entity
293,依据,entity
294,因果,entity
295,职业,entity
296,组成关系定义,entity
297,连接而成,entity
298,其中一员,entity
299,物理变化,entity
300,化学变化,entity
301,主要功能,entity
302,次要功能,entity
303,必然属性,entity
304,或然属性,entity
305,主体一致,entity
306,主体不一致,entity
307,主宾关系,entity
308,动宾关系,entity
309,主谓关系,entity
310,数量关系,entity
311,代入排除法,entity
312,工程问题,entity
313,行程问题,entity
314,经济利润问题,entity
315,排列组合问题,entity
316,排列组合与概率,entity
317,容斥原理,entity
318,几何公式,entity
319,高频几何问题,entity
320,范围（代入排除法）,entity
321,方法（代入排除法）,entity
322,典型题,entity
323,看选项,entity
324,超复杂,entity
325,剩两项,entity
326,优先排除,entity
327,直接代入,entity
328,给完工时间型,entity
329,给效率比例型,entity
330,给具体单位型,entity
331,基础行程,entity
332,相对行程,entity
333,比例行程,entity
334,先赋总量（公倍数）,entity
335,再算效率=总量/时间,entity
336,根据工作过程列方程（给完工时间型）,entity
337,先赋效率（满足比例即可）,entity
338,再算总量=效率X时间,entity
339,根据工作过程列方程（给效率比例型）,entity
340,路程=速度X时间,entity
341,平均速度,entity
342,总路程/时间,entity
343,等距离平均速度,entity
344,相遇追及,entity
345,多次运动,entity
346,顺水逆水,entity
347,s一定，v、t成反比,entity
348,v一定，s、t成正比,entity
349,t一定，s、v成正比,entity
350,相遇,entity
351,追及,entity
352,线形两端出发第n次相遇,entity
353,环形第n次相遇,entity
354,环形第m次相遇,entity
355,顺水,entity
356,逆水,entity
357,常规的经济利润,entity
358,分段计算,entity
359,统筹经济,entity
360,基础知识（常规）,entity
361,解题思路（常规）,entity
362,题型识别（分段计算）,entity
363,解题思路（分段计算）,entity
364,题型识别（统筹经济）,entity
365,解题思路（统筹经济）,entity
366,排列组合,entity
367,概率,entity
368,概念（排列组合）,entity
369,题型（排列组合）,entity
370,分类用加法，分步用乘法,entity
371,有序用排列，无序用组合,entity
372,凑数字/选项小,entity
373,必须相邻,entity
374,不能相邻,entity
375,至少n个,entity
376,不回原位,entity
377,错位排列,entity
378,插板法,entity
379,插空法,entity
380,公式+变形,entity
381,先排再插,entity
382,捆绑法,entity
383,先捆再排,entity
384,枚举法,entity
385,不重不漏,entity
386,给情况求概率,entity
387,给概率求概率,entity
388,正难反易,entity
389,公式（容斥原理）,entity
390,画图（容斥原理）,entity
391,两集合,entity
392,三集合,entity
393,A+B+C-AB-AC-BC+ABC=总数-都不,entity
394,A+B+C-满足两项-满足三项X2=总数-都不,entity
395,满足一项+满足两项+满足三项=总数-都不,entity
396,画圈圈，标数据,entity
397,从里到外，注意去重,entity
398,周长,entity
399,面积,entity
400,表面积,entity
401,体积,entity
402,正方形,entity
403,圆形,entity
404,长方形,entity
405,弧长,entity
406,正方形（面积）,entity
407,长方形（面积）,entity
408,三角形（面积）,entity
409,正方体,entity
410,圆柱体,entity
411,长方体,entity
412,球体（表面积）,entity
413,正方体（体积）,entity
414,长方体（体积）,entity
415,柱体,entity
416,锥体,entity
417,球体（体积）,entity
418,公式类,entity
419,结论类,entity
420,技巧类,entity
421,规则图形直接用公式,entity
422,不规则图形转化为规则图形再用公式,entity
423,已知1、2、3个···推第n个,entity
424,连接各边中点,entity
425,圆内接三角形,entity
426,面积的比例,entity
427,枚举归纳找规律,entity
428,三角形则面积减少为1/4,entity
429,四边形则面积减少为1/2,entity
430,直径所对角是直角,entity
431,直角所对弦是直径,entity
432,底相等则面积与高成正比,entity
433,相似三角形,entity
434,最短路径,entity
435,对应边长比、高度比均等于相似比,entity
436,面积比等于相似比的平方,entity
437,平面反射,entity
438,立体表面,entity
439,镜面对称再连线,entity
440,展开成平面再连线,entity
441,资料分析,entity
442,截位直除,entity
443,分数比较,entity
444,增长率,entity
445,增长量,entity
446,基期与现期,entity
447,比重相关,entity
448,截谁,entity
449,截几位,entity
450,一步除法：建议只截分母,entity
451,多步计算：建议上下都截,entity
452,选项差距大，截两位,entity
453,选项差距小，截三位,entity
454,选项首位不同,entity
455,首位相同，次位差大于首位,entity
456,首位相同且次位差小于等于首位,entity
457,一大一小直接看,entity
458,同大同小比速度,entity
459,根据分子比大小,entity
460,分子大的分数大，分子小的分数小,entity
461,上下直接除,entity
462,左右看变化：“谁快谁牛气，慢的看成1,entity
463,普通增长率,entity
464,特殊增长率,entity
465,题型识别：增长/下降+%，成，倍,entity
466,增长最快/慢,entity
467,解题方法：给百分点，直接加减，无百分点，r=增长量/基期量,entity
468,速算技巧：截位直除法，分数比较法,entity
469,间隔增长率,entity
470,年均增长率,entity
471,混合增长率,entity
472,比较（增长量）,entity
473,计算（增长量）,entity
474,识别（增长量）,entity
475,公式（增长量）,entity
476,速算（增长量）,entity
477,增长+单位（人/元/吨）,entity
478,增长量=现期量-基期量=基期量Xr=现期量/(1+r)Xr,entity
479,百分数化分数：近似转化，倍数转化，取中转化,entity
480,若|r|=1/n，增长量=现期量/（n+1）,entity
481,下降量=现期量/（n-1）,entity
482,识别（比较）,entity
483,速算（比较）,entity
484,增长最多/少,entity
485,给出每年数据：直接两两相减，柱状图还可用直尺标注,entity
486,给现期量和r：两者都大则增量必然大，否则百化分计算,entity
487,基期量,entity
488,现期量,entity
489,识别：求前面某个时期的量,entity
490,公式：基期量=现期量-增长量,entity
491,基期量=现期量/（1+r）,entity
492,速算：r大截位直除，r小化除为乘,entity
493,基期和差：先用现期量和正负排除再计算,entity
494,识别：求后面某个时期的量,entity
495,公式：现期量=基期量+增长量，现期量=基期量X(1+r),entity
496,速算：截位计算，特殊数字,entity
497,现期比重,entity
498,基期比重,entity
499,两期比重,entity
500,识别：问题时间与资料一致，占，比重,entity
501,公式：比重=部分/总体，部分=总体X比重，总体=部分/比重,entity
502,速算：截位直除法,entity
503,识别：问题时间在资料之前，占，比重,entity
504,公式：A/（1+a）/[B/(1+b)]=A/BX(1+b)/(1+a),entity
505,速算（基期比重）,entity
506,截位直除（基期比重）,entity
507,先计算现期比重，再判断大小,entity
508,识别：两个年份，一个比重,entity
509,公式：A/BX(a-b)/(1+a),entity
510,升降判断：比较部分与总体增长率，部分大则升，小则降,entity
511,速算：比重差一定小于增长率之差，即A/BX(a-b)/(1+a)<|a-b|,entity
512,中心理解题,entity
513,重点词语之关联词,entity
514,重点词语之主题词,entity
515,重点词语之程度词,entity
516,行文脉络,entity
517,细节判断题,entity
518,转折关系,entity
519,因果关系,entity
520,必要条件关系,entity
521,并列关系,entity
522,典型标志词,entity
523,非典型标志词,entity
524,粉笔提示（转折关系）,entity
525,逆向思维,entity
526,虽然···但是,entity
527,尽管···可是,entity
528,不过,entity
529,殊不知,entity
530,截然不同,entity
531,截然相反,entity
532,错误选项特征（转折关系）,entity
533,转折前的内容,entity
534,无中生有,entity
535,背景、例子,entity
536,优选相对的描述，绝对的表述一般不选,entity
537,优选明确的描述，不明确的表述一般不选,entity
538,理论依据,entity
539,文段特征（转折关系）,entity
540,转折前后句子意思都相反,entity
541,转折表述,entity
542,很多人都认为/大多数人都认为/不少人都认为/不少人认为/传统观点认为,entity
543,典型格式（因果关系）,entity
544,因果标志词,entity
545,文段特征（因果关系）,entity
546,因为···所以,entity
547,由于···因此,entity
548,所以、因此、因而、故而,entity
549,导致、致使、使得、造成,entity
550,“因此”句在结尾,entity
551,“因此”句在中间,entity
552,后有其他关联关系,entity
553,后为进一步解释说明,entity
554,90%以上为文段中心句,entity
555,典型格式（必要条件关系）,entity
556,对策标志词,entity
557,文段特征（必要条件关系）,entity
558,反面论证,entity
559,粉笔提示（必要条件关系）,entity
560,只有···才,entity
561,应该、应当，必须,entity
562,通过/采取···手段,entity
563,呼吁、倡导,entity
564,前提、基础,entity
565,对策在结尾,entity
566,对策在开头,entity
567,对策在中间,entity
568,典型格式（反面论证）,entity
569,具体应用（反面论证）,entity
570,常见错误选项特征,entity
571,如果/倘若/一旦···+不好的结果,entity
572,把前面的做法反过来即为正确的答案,entity
573,假设变为现实的表述,entity
574,对策不万能，一定要注意,entity
575,对策和意义、效果、作用同时出现时，对策更重要,entity
576,文段只出现”提出问题+分析问题“，”解决问题“可能出现在选项中作为正确答案,entity
577,文段特征（并列关系）,entity
578,选项特征（并列关系）,entity
579,粉笔提示（并列关系）,entity
580,包含并列关键词及标点，如此外、另外、同时,entity
581,层次分明，格式工整,entity
582,无明显其他关联词语,entity
583,两方面情况：和、及、与、同,entity
584,更多种情况：许多、一些、不同、各种、一系列,entity
585,分句表达意思相同：提取共性,entity
586,表述片面的选项需排除,entity
587,主题词,entity
588,特征（主题词）,entity
589,理论要点（主题词）,entity
590,干扰选项,entity
591,文段围绕其展开,entity
592,一般高频出现,entity
593,多为名词,entity
594,前有引入或后有解释说明,entity
595,正确选项中需包含文段主题词,entity
596,范围扩大/缩小/偷换,entity
597,程度词,entity
598,标志词（程度词）,entity
599,理论要点（程度词）,entity
600,更、尤其、正是、特别是、真正、根本、最（核心、突出）等,entity
601,程度词所在的语句通常为重点,entity
602,理论要点（行文脉络）,entity
603,中心句特征,entity
604,分述句特征,entity
605,粉笔提示（行文脉络）,entity
606,把握中心句及分述句的特征,entity
607,观点,entity
608,对策（观点）,entity
609,结论,entity
610,评价,entity
611,举例子：“比如”,entity
612,调查报告等,entity
613,正反论证,entity
614,原因解释,entity
615,并列分述,entity
616,选项陷阱总结,entity
617,非重点，迷你眼,entity
618,无中生有不能选,entity
619,提问方式（细节判断题）,entity
620,错误选项类型（细节判断题）,entity
621,细节主旨化,entity
622,以下对文段理解正确/不正确的是···,entity
623,符合/不符合这段话意思的是,entity
624,从文段中可以得知/推出的是··,entity
625,无中生有（细节判断题）,entity
626,偷换概念,entity
627,偷换时态,entity
628,绝对表述,entity
629,替换,entity
630,混搭,entity
631,将来时（将要、立刻、趋势）,entity
632,完成时（已、已经）,entity
633,进行时（正在、在···中）,entity
634,相对绝对法,entity
635,绝对标志词,entity
636,相对标志词,entity
637,优选契合主旨的选项,entity
638,语句排序题,entity
639,语句填空题,entity
640,接语选择题,entity
641,提问方式（语句排序题）,entity
642,解题要点,entity
643,确定首句,entity
644,确定捆绑集团,entity
645,确定顺序,entity
646,确定尾句,entity
647,将以上/以下几个句子重新排列,entity
648,语序正确的是,entity
649,从选项入手,entity
650,确定捆绑集团/确定顺序/确定尾句,entity
651,首句特征,entity
652,非首句特征,entity
653,背景引入,entity
654,提出观点,entity
655,下定义,entity
656,关联词后半部分,entity
657,指代词,entity
658,指代词（确定捆绑集团）,entity
659,关联词,entity
660,共同信息,entity
661,配套出现确定捆绑,entity
662,单个出现分析句意,entity
663,时间顺序,entity
664,逻辑顺序,entity
665,观点+解释说明,entity
666,提出问题+解决问题,entity
667,A和B,entity
668,因此、所以、看来,entity
669,对策,entity
670,提问方式（语句填空题）,entity
671,横线在结尾,entity
672,横线在开头,entity
673,横线在中间,entity
674,填入画横线部分最恰当的一句/项目是,entity
675,总结前文,entity
676,提出对策,entity
677,尾句中的分句,entity
678,优先考虑与前面分句的衔接,entity
679,保证前后话题一致,entity
680,需概括文段的中心内容,entity
681,注意与上下文的联系,entity
682,把握好主题词，保证与文段话题一致,entity
683,提问方式（接语选择题）,entity
684,理论要点（接语选择题）,entity
685,干扰项特征（接语选择题）,entity
686,粉笔提示（接语选择题）,entity
687,作者接下来最有可能讲述的是,entity
688,重点关注文段最后一句话,entity
689,理解要紧紧依托文段，不能无中生有,entity
690,文段中已经论述过的内容,entity
691,词的辨析,entity
692,语境分析,entity
693,词义辨重,entity
694,固定搭配,entity
695,程度轻重,entity
696,感情色彩,entity
697,辨析方法,entity
698,第一种：拆字组词：用不一样的字单独组词,entity
699,第二种：整词搭配：用整个词进行组词搭配,entity
700,搭配第一个词,entity
701,搭配多个词,entity
702,瞻前顾后找准搭配对象,entity
703,横线所填词语搭配由“和、及、与”引导的并列结构，需与并列结构搭配恰当,entity
704,区分词的程度轻重,entity
705,理论要点（词的辨析）,entity
706,程度轻,entity
707,程度重,entity
708,所填词语的程度与文段意思的轻重保持一致,entity
709,区分词的感情色彩,entity
710,理论要点（感情色彩）,entity
711,褒义,entity
712,贬义,entity
713,中性,entity
714,所填词语的感情色彩与文段的感情色彩保持一致,entity
715,关联关系,entity
716,对应关系,entity
717,转折关系（语境分析）,entity
718,递进关系（语境分析）,entity
719,并列关系（语境分析）,entity
720,标志词（转折关系1）,entity
721,理论要点（转折关系1）,entity
722,标志词（递进关系1）,entity
723,理论要点（递进关系1）,entity
724,标志词（并列关系1）,entity
725,理论要点（并列关系1）,entity
726,同义反列,entity
727,反义并列,entity
728,解释类对应,entity
729,重点词句对应,entity
730,粉笔提示（对应关系1）,entity
731,题干特点,entity
732,标志词（解释类对应）,entity
733,标点,entity
734,重点词,entity
735,重点句,entity
736,找准对应关系要基于对整个文段一丝的理解与把握,entity
737,常见题型（篇章阅读）,entity
738,命题思维,entity
739,解题技巧（篇章阅读）,entity
740,中心理解题（篇章阅读）,entity
741,细节判断题（篇章阅读）,entity
742,语句填空题（篇章阅读）,entity
743,考察原文内容重现,entity
744,阅读难度与题目难度反比对应,entity
745,题目顺序与文段顺序基本一致,entity
746,明确阅读顺序,entity
747,利用题干关键词定位原文,entity
748,合理调整做题顺序,entity
749,依托重点提示把握文段结构,entity
750,把握做题时间：5~7分钟,entity
751,第一优先级,entity
752,第二优先级,entity
753,第三优先级,entity
754,第四优先级,entity
755,文章首末段,entity
756,段落首尾句,entity
757,文段内部关联词,entity
758,特殊标点符号,entity
759,专有名词,entity
760,常识判断,entity
761,必修部分,entity
762,选修精炼,entity
763,文史,entity
764,政治,entity
765,科技,entity
766,地理,entity
767,法律,entity
768,世界文史,entity
769,世界地理,entity
770,哲学,entity
771,经济,entity
772,中国古代史,entity
773,中国近代史,entity
774,原始人类与原始文化遗址,entity
775,朝代歌,entity
776,夏商周文化,entity
777,秦汉历史,entity
778,秦汉文化,entity
779,魏晋南北朝历史,entity
780,魏晋南北朝文化,entity
781,隋唐宋历史,entity
782,隋唐宋文化,entity
783,元明清历史,entity
784,元明清文化,entity
785,近代战争,entity
786,变法改革,entity
787,起义事变,entity
788,中共党史,entity
789,中共十九大,entity
790,新中国成立前,entity
791,新中国成立后,entity
792,八个明确,entity
793,十四个坚持,entity
794,其他要点,entity
795,科技常识,entity
796,物理化学,entity
797,生物医学,entity
798,科技革命,entity
799,科技成就,entity
800,前言科技,entity
801,物理变化与化学变化,entity
802,常见物理现象,entity
803,常见物理名词,entity
804,常见物质,entity
805,进化与遗传变异,entity
806,光合作用与呼吸作用,entity
807,血液血型,entity
808,营养物质,entity
809,自然地理,entity
810,中国地理,entity
811,天体及其运行,entity
812,二十四节气,entity
813,降雨类型,entity
814,国土概况,entity
815,重要地形,entity
816,宪法,entity
817,刑法,entity
818,行政法,entity
819,民法典总则编,entity
820,民法典物权编&合同编,entity
821,民法典人格权编&侵权责任编,entity
822,民法典婚姻家庭编&继承编,entity
823,宪法概述,entity
824,国家制度,entity
825,国家机构,entity
826,公民的基本权利与义务,entity
827,刑法概述,entity
828,犯罪,entity
829,刑罚种类,entity
830,刑法分则,entity
831,行政法概述,entity
832,行政行为,entity
833,行政救济,entity
834,基本规定,entity
835,民事权利能力和民事行为能力,entity
836,监护,entity
837,宣告失踪和宣告死亡,entity
838,民事法律行为,entity
839,民事责任,entity
840,诉讼时效,entity
841,物权概述,entity
842,所有权,entity
843,用益物权,entity
844,担保物权,entity
845,合同概述,entity
846,典型合同,entity
847,准合同,entity
848,人格权基本规定,entity
849,生命权、身体权和健康权,entity
850,姓名权和名称权,entity
851,肖像权,entity
852,名誉权和荣誉权,entity
853,隐私权和个人信息保护,entity
854,侵权责任基本规定,entity
855,损害赔偿,entity
856,责任主体的特殊规定,entity
857,具体侵权责任,entity
858,婚姻家庭基本规定,entity
859,结婚,entity
860,家庭关系,entity
861,离婚,entity
862,收养,entity
863,继承基本规定,entity
864,法定继承,entity
865,遗嘱继承和遗赠,entity
866,遗产的处理,entity
867,航海史,entity
868,革命史,entity
869,战争史,entity
870,四大文明古国,entity
871,欧洲三大思想解放运动,entity
872,世界三大宗教,entity
873,区时日期,entity
874,重要气候,entity
875,世界之最,entity
876,大洲大洋海峡运河,entity
877,哲学基本原则,entity
878,辩证唯物论,entity
879,唯物辩证法,entity
880,认识论,entity
881,财政政策与货币政策,entity
882,通货膨胀与通货紧缩,entity
883,经济学名词,entity
884,重要的经济组织,entity
885,定义判断,entity
886,读定义,entity
887,看选项（定义判断）,entity
888,提问方式（读定义）,entity
889,读题技巧（读定义）,entity
890,属于/不属于,entity
891,正确/不正确,entity
892,违背/不违背,entity
893,单定义,entity
894,多定义,entity
895,故事类,entity
896,关键信息（看选项）,entity
897,选项比较,entity
898,同构选项,entity
899,主体、客体、本质,entity
900,目的、方式、原因、时间、地点,entity
901,正误一致，打包处理,entity
902,申论应试常用文体,entity
903,应用文写作概述,entity_shenlun
904,常用应用文写作,entity_shenlun
905,应用文概念、特点与种类,entity_shenlun
906,应用文的立意、素材与结构,entity_shenlun
907,应用文的语言与表达方式,entity_shenlun
908,应用文的概念和作用,entity_shenlun
909,应用文的特点,entity_shenlun
910,应用文的种类,entity_shenlun
911,实用性,entity_shenlun
912,规范性,entity_shenlun
913,真实性和严肃性,entity_shenlun
914,简明性,entity_shenlun
915,时效性,entity_shenlun
916,公文,entity_shenlun
917,事务公文,entity_shenlun
918,专用文书,entity_shenlun
919,日用文书,entity_shenlun
920,法律文书,entity_shenlun
921,应用文的立意,entity_shenlun
922,应用文的素材要求,entity_shenlun
923,应用文的结构,entity_shenlun
924,取材,entity_shenlun
925,整理和分析材料,entity_shenlun
926,选用材料,entity_shenlun
927,开场白,entity_shenlun
928,主体,entity_shenlun
929,结尾,entity_shenlun
930,目的引导式,entity_shenlun
931,根据理由先导式,entity_shenlun
932,提问启发式,entity_shenlun
933,说明铺垫式,entity_shenlun
934,概述提览式,entity_shenlun
935,时间顺序或倒序式,entity_shenlun
936,层层递进式,entity_shenlun
937,总分结合式,entity_shenlun
938,并列式,entity_shenlun
939,总结或综述式,entity_shenlun
940,号召或倡议式,entity_shenlun
941,补充说明式,entity_shenlun
942,惯用固定语式,entity_shenlun
943,应用文的语言要求,entity_shenlun
944,应用文的表达方式,entity_shenlun
945,准确、规范,entity_shenlun
946,简炼、实用,entity_shenlun
947,通俗、质朴,entity_shenlun
948,叙述,entity_shenlun
949,说明,entity_shenlun
950,议论,entity_shenlun
951,概述、详述、散叙,entity_shenlun
952,顺叙、倒叙、插叙,entity_shenlun
953,应用文的叙述有三点要求,entity_shenlun
954,定义和解释,entity_shenlun
955,分类和举例,entity_shenlun
956,比较和引用,entity_shenlun
957,数字与图表,entity_shenlun
958,讲话稿,entity_shenlun
959,报告,entity_shenlun
960,意见,entity_shenlun
961,通报,entity_shenlun
962,请示,entity_shenlun
963,工作计划,entity_shenlun
964,工作总结,entity_shenlun
965,调查报告,entity_shenlun
966,简报,entity_shenlun
967,讲话稿的概念和作用,entity_shenlun
968,讲话稿的种类及其内容结构,entity_shenlun
969,讲话稿的表达技巧,entity_shenlun
970,讲话稿的写作要求,entity_shenlun
971,报告稿,entity_shenlun
972,开幕词、闭幕词,entity_shenlun
973,欢迎词、欢送词、答谢词,entity_shenlun
974,报告稿的特点,entity_shenlun
975,报告稿的内容,entity_shenlun
976,正文,entity_shenlun
977,主题的集中性,entity_shenlun
978,形式的灵活性,entity_shenlun
979,语言的通俗性,entity_shenlun
980,标题,entity_shenlun
981,称谓,entity_shenlun
982,讲话稿的表达方式,entity_shenlun
983,讲话稿的语言艺术,entity_shenlun
984,叙述和议论相结合,entity_shenlun
985,说明和议论相结合,entity_shenlun
986,通俗易懂，说理深刻,entity_shenlun
987,生动有趣，形象具体,entity_shenlun
988,绘声绘色，富有变化,entity_shenlun
989,明确要求，了解听众,entity_shenlun
990,确定论题，明确观点,entity_shenlun
991,典型事例，生动感人,entity_shenlun
992,波澜起伏，有张有弛,entity_shenlun
993,报告的概念和历史沿革,entity_shenlun
994,报告的特点,entity_shenlun
995,报告的种类,entity_shenlun
996,报告的结构和写作方法,entity_shenlun
997,报告的写作要求,entity_shenlun
998,客观的陈述性,entity_shenlun
999,行文的时效性,entity_shenlun
1000,表述的概括性,entity_shenlun
1001,呈报性报告,entity_shenlun
1002,呈转型报告,entity_shenlun
1003,标题（报告）,entity_shenlun
1004,正文（报告）,entity_shenlun
1005,结尾（报告）,entity_shenlun
1006,陈述事项要完整清楚,entity_shenlun
1007,材料要真实、重点要突出,entity_shenlun
1008,报告中不得夹带请示事项,entity_shenlun
1009,意见的概念,entity_shenlun
1010,意见的特点,entity_shenlun
1011,意见的种类,entity_shenlun
1012,意见的结构和写作方法,entity_shenlun
1013,意见的写作要求,entity_shenlun
1014,灵活性,entity_shenlun
1015,建议性,entity_shenlun
1016,多向性,entity_shenlun
1017,按行文方式分,entity_shenlun
1018,按行文方向分,entity_shenlun
1019,按行文要求分,entity_shenlun
1020,按照行为主体分，有单独发文和联合发文,entity_shenlun
1021,标题（意见）,entity_shenlun
1022,主送机关（意见）,entity_shenlun
1023,正文（意见）,entity_shenlun
1024,完全式标题,entity_shenlun
1025,省略式标题,entity_shenlun
1026,上行性意见,entity_shenlun
1027,下行性意见,entity_shenlun
1028,通报的概念和历史沿革,entity_shenlun
1029,通报的特点,entity_shenlun
1030,通报的种类,entity_shenlun
1031,通报的写作方法,entity_shenlun
1032,通报的写作要求,entity_shenlun
1033,周知性,entity_shenlun
1034,教育性,entity_shenlun
1035,针对性,entity_shenlun
1036,典型通报,entity_shenlun
1037,情况通报,entity_shenlun
1038,典型通报的写法,entity_shenlun
1039,情况通报的写法,entity_shenlun
1040,通报的情况,entity_shenlun
1041,原因分析,entity_shenlun
1042,希望要求,entity_shenlun
1043,专注时机,entity_shenlun
1044,选好典型,entity_shenlun
1045,叙述结合,entity_shenlun
1046,请示的概念,entity_shenlun
1047,请示的特点,entity_shenlun
1048,请示的种类,entity_shenlun
1049,请示的结合和写作方法,entity_shenlun
1050,请示的写作要求,entity_shenlun
1051,行文内容的超前性,entity_shenlun
1052,行文目的的求复性,entity_shenlun
1053,请求事项的单一性,entity_shenlun
1054,请求批转的请示,entity_shenlun
1055,请求批准的请示,entity_shenlun
1056,标题（请示）,entity_shenlun
1057,主送机关（请示）,entity_shenlun
1058,正文（请示）,entity_shenlun
1059,请示的缘由,entity_shenlun
1060,请示的事项,entity_shenlun
1061,请示的要求,entity_shenlun
1062,附件,entity_shenlun
1063,工作计划的含义,entity_shenlun
1064,工作计划的作用,entity_shenlun
1065,工作计划的特点,entity_shenlun
1066,工作计划的分类,entity_shenlun
1067,工作计划的结构,entity_shenlun
1068,制订计划的过程,entity_shenlun
1069,工作计划的撰写要求,entity_shenlun
1070,明确的目的性，很强的预见性,entity_shenlun
1071,实施的可行性,entity_shenlun
1072,行政的约束力,entity_shenlun
1073,按内容分类,entity_shenlun
1074,按性质分类,entity_shenlun
1075,按范围分类,entity_shenlun
1076,按时间分类,entity_shenlun
1077,按计划内容的成熟程度分类,entity_shenlun
1078,综合计划,entity_shenlun
1079,单项计划,entity_shenlun
1080,指令性计划,entity_shenlun
1081,指导性计划,entity_shenlun
1082,长期计划,entity_shenlun
1083,短期计划,entity_shenlun
1084,准备阶段,entity_shenlun
1085,平衡阶段,entity_shenlun
1086,确定计划阶段,entity_shenlun
1087,工作总结的含义,entity_shenlun
1088,工作总结的作用,entity_shenlun
1089,总结与计划的关系,entity_shenlun
1090,工作总结的特点,entity_shenlun
1091,工作总结的种类,entity_shenlun
1092,工作总结的一般格式,entity_shenlun
1093,总结常用的结构格式,entity_shenlun
1094,工作总结的撰写要求,entity_shenlun
1095,是对自身实践经验的真实概括,entity_shenlun
1096,是业务性和思想性的结合,entity_shenlun
1097,是人们认识客观规律的重要方法,entity_shenlun
1098,按内容分类（总结）,entity_shenlun
1099,按时间分类（总结）,entity_shenlun
1100,按范围分类（总结）,entity_shenlun
1101,按性质分类（总结）,entity_shenlun
1102,按功用分类（总结）,entity_shenlun
1103,按目的分类（总结）,entity_shenlun
1104,开头（总结）,entity_shenlun
1105,主体（总结）,entity_shenlun
1106,结尾（总结）,entity_shenlun
1107,基本情况（总结）,entity_shenlun
1108,成绩和收获（总结）,entity_shenlun
1109,经验和体会（总结）,entity_shenlun
1110,存在的问题和教训（总结）,entity_shenlun
1111,今后的设想和安排（总结）,entity_shenlun
1112,四段式,entity_shenlun
1113,阶段式,entity_shenlun
1114,分方面阐述经验体会的方式,entity_shenlun
1115,纵横交叉式,entity_shenlun
1116,掌握全面情况和整个工作过程,entity_shenlun
1117,实事求是，切记虚假,entity_shenlun
1118,要善于抓重点,entity_shenlun
1119,要总结出规律性的东西,entity_shenlun
1120,对照计划，认真检查,entity_shenlun
1121,结构紧凑，通篇连贯,entity_shenlun
1122,语言要准确、简洁、朴实,entity_shenlun
1123,写出特色，切忌平庸,entity_shenlun
1124,调查报告的性质和作用,entity_shenlun
1125,调查报告的特点,entity_shenlun
1126,调查报告的种类,entity_shenlun
1127,调查报告的结构及写法,entity_shenlun
1128,怎样写好调查报告,entity_shenlun
1129,针对性强,entity_shenlun
1130,凭借事实说话,entity_shenlun
1131,揭示事物的规律性,entity_shenlun
1132,反映基本情况的调查报告,entity_shenlun
1133,典型经验的调查报告,entity_shenlun
1134,揭露问题的调查报告,entity_shenlun
1135,标题（调查报告）,entity_shenlun
1136,导语（调查报告）,entity_shenlun
1137,主文（调查报告）,entity_shenlun
1138,结语（调查报告）,entity_shenlun
1139,纵式结构,entity_shenlun
1140,横式结构,entity_shenlun
1141,综合式结构,entity_shenlun
1142,搞好调查研究,entity_shenlun
1143,详尽地占有资料,entity_shenlun
1144,认真分析材料，找出规律性的东西,entity_shenlun
1145,恰当地运用材料，为阐明观点服务,entity_shenlun
1146,端正态度，实事求是,entity_shenlun
1147,讲究方法，有的放矢,entity_shenlun
1148,客观地调查,entity_shenlun
1149,全面地调查,entity_shenlun
1150,深入地调查,entity_shenlun
1151,制订调查计划,entity_shenlun
1152,确定调查方式,entity_shenlun
1153,现实材料与历史材料,entity_shenlun
1154,“点”的材料和“面”的材料,entity_shenlun
1155,正面材料和反面材料,entity_shenlun
1156,去粗取精,entity_shenlun
1157,去伪存真,entity_shenlun
1158,由此及彼,entity_shenlun
1159,由表及里,entity_shenlun
1160,用典型材料说明观点,entity_shenlun
1161,运用对比材料说明观点,entity_shenlun
1162,运用统计数字说明观点,entity_shenlun
1163,简报的含义和特点,entity_shenlun
1164,简报的作用和分类,entity_shenlun
1165,写作方法和编辑方法,entity_shenlun
1166,写作与编辑要求,entity_shenlun
1167,含义（简报）,entity_shenlun
1168,特点（简报）,entity_shenlun
1169,取材限于本单位的情况,entity_shenlun
1170,要求及时地反映现实情况的变化,entity_shenlun
1171,阅读范围有一定的限制,entity_shenlun
1172,作用（简报）,entity_shenlun
1173,分类（简报）,entity_shenlun
1174,情况简报,entity_shenlun
1175,专题简报,entity_shenlun
1176,会议简报,entity_shenlun
1177,写作方法,entity_shenlun
1178,编辑方法,entity_shenlun
1179,专题类的写法,entity_shenlun
1180,综合类的写法,entity_shenlun
1181,新闻报道类写法,entity_shenlun
1182,集纳类的写法,entity_shenlun
1183,进程类的写法,entity_shenlun
1184,选稿,entity_shenlun
1185,写按语,entity_shenlun
1186,版面编排,entity_shenlun
1187,报头,entity_shenlun
1188,正文（简报）,entity_shenlun
1189,报尾,entity_shenlun
1190,要了解全局，服务全局,entity_shenlun
1191,内容必须真实可靠,entity_shenlun
1192,简明扼要，言简意骇,entity_shenlun
1193,申论热点与实用知识,entity
1194,申论八大类热点问题与原因对策分析,entity_shenlun
1195,申论写作常用哲学原理与方法论,entity_shenlun
1196,最新时事政策解读,entity_shenlun
1197,政治类,entity_shenlun
1198,公共管理,entity_shenlun
1199,民生,entity_shenlun
1200,经济建设,entity_shenlun
1201,环境问题,entity_shenlun
1202,人才问题,entity_shenlun
1203,文化建设,entity_shenlun
1204,新农村建设,entity_shenlun
1205,辩证唯物论,entity_shenlun
1206,辩证唯物主义认识论,entity_shenlun
1207,唯物辩证法,entity_shenlun
1208,历史唯物主义,entity_shenlun
1209,党的十七大报告解读精选,entity_shenlun
1210,党的十七届三中全会精神,entity_shenlun
1211,党的十七届四中全会公报,entity_shenlun
1212,科学发展观,entity_shenlun
1213,和谐社会,entity_shenlun
1214,社会主义荣辱观,entity_shenlun
1215,依法治国,entity_shenlun
1216,执政能力（政治）,entity_shenlun
1217,提出背景（科学发展观）,entity_shenlun
1218,提出科学发展观的意义,entity_shenlun
1219,如何践行科学发展观,entity_shenlun
1220,我国面临的矛盾和问题（科学发展观的现实依据）,entity_shenlun
1221,解决我国面临的矛盾和问题的方略（贯彻科学发展观要处理好七个关系）,entity_shenlun
1222,我国经济建设存在的突出的问题和对策,entity_shenlun
1223,坚持可持续发展（统筹人与自然的和谐发展）,entity_shenlun
1224,坚持以人为本,entity_shenlun
1225,树立正确的政绩观,entity_shenlun
1226,为什么要不断提高构建社会注意和谐社会的能力,entity_shenlun
1227,探索建设社会主义和谐社会的有效途径,entity_shenlun
1228,如何构建和谐社会,entity_shenlun
1229,社会成员收入差距过大问题,entity_shenlun
1230,信访问题,entity_shenlun
1231,关键在于制度创新,entity_shenlun
1232,合理分配经济增长带来的财富,entity_shenlun
1233,合理分担改革与发展的成本,entity_shenlun
1234,避免改革与发展的非制度化陷阱,entity_shenlun
1235,维护“体制外”社会群体的基本权益,entity_shenlun
1236,大力促进社会注意因素的增长,entity_shenlun
1237,建立社会预警与利益平衡机制,entity_shenlun
1238,社会主义荣辱观的含义及提出的意义,entity_shenlun
1239,现阶段提出荣辱观的必然性,entity_shenlun
1240,树立和践行社会主义荣辱观,entity_shenlun
1241,重点工作,entity_shenlun
1242,问题（依法治国）,entity_shenlun
1243,原因（依法治国）,entity_shenlun
1244,对策（依法治国）,entity_shenlun
1245,党政不分,entity_shenlun
1246,官僚主义现象,entity_shenlun
1247,家长制现象,entity_shenlun
1248,大量的法律法规规范“官”的行为极少,entity_shenlun
1249,立法中部门利益、地方利益倾向明显,entity_shenlun
1250,法律的立、改、废缺乏科学规划,entity_shenlun
1251,加强立法工作，提高法律质量,entity_shenlun
1252,严格依法办事,entity_shenlun
1253,增强全民的法律意识和法制观念,entity_shenlun
1254,大力推进制度创新,entity_shenlun
1255,改革和完善党的领导方式和执政方式,entity_shenlun
1256,建立权力制约和监督机制,entity_shenlun
1257,问题（执政能力）,entity_shenlun
1258,原因（执政能力）,entity_shenlun
1259,对策（执政能力）,entity_shenlun
1260,体制原因,entity_shenlun
1261,工作机制原因,entity_shenlun
1262,能力与素质原因,entity_shenlun
1263,思想认识原因,entity_shenlun
1264,提高党员的素质,entity_shenlun
1265,完善执政方略,entity_shenlun
1266,健全党的执政体制,entity_shenlun
1267,加强科学执政方式,entity_shenlun
1268,巩固执政基础,entity_shenlun
1269,政府诚信专题,entity_shenlun
1270,户籍制度改革,entity_shenlun
1271,突发公共事件,entity_shenlun
1272,服务型政府,entity_shenlun
1273,问题（公共管理）,entity_shenlun
1274,原因（公共管理）,entity_shenlun
1275,对策（公共管理）,entity_shenlun
1276,政权机构的内部缺乏诚信,entity_shenlun
1277,政权机构对公众缺乏诚信,entity_shenlun
1278,行政机关对公众的不诚信则表现在多方面,entity_shenlun
1279,计划经济体制的影响,entity_shenlun
1280,法制的不健全,entity_shenlun
1281,政府道德建设薄弱,entity_shenlun
1282,我国的公务员体制还有待完善,entity_shenlun
1283,强化从政道德教育,entity_shenlun
1284,加强法制建设,entity_shenlun
1285,大力推进政务公开,entity_shenlun
1286,加强政府工作人员的作风考察,entity_shenlun
1287,加大媒体宣传力度，营造诚信的社会氛围,entity_shenlun
1288,问题（户籍制）,entity_shenlun
1289,原因（户籍制）,entity_shenlun
1290,对策（户籍制）,entity_shenlun
1291,户籍制度和市场经济的发展要求不相适应,entity_shenlun
1292,从结构优化的角度，户籍制度限制人口流动不利于产业结构升级,entity_shenlun
1293,现行户籍制度不利于增加农民的收入,entity_shenlun
1294,对城乡区别对待，实行不同的福利待遇,entity_shenlun
1295,户籍和社会待遇脱钩,entity_shenlun
1296,集中人口管理权，成立统一的管理部门,entity_shenlun
1297,实行统一的人口,entity_shenlun
1298,逐步降低人口迁移的门槛,entity_shenlun
1299,问题（突发公共事件）,entity_shenlun
1300,对策（突发公共事件）,entity_shenlun
1301,原因（突发公共事件）,entity_shenlun
1302,民爆行业安全对策,entity_shenlun
1303,自然灾害,entity_shenlun
1304,事故灾害,entity_shenlun
1305,公共卫生事件,entity_shenlun
1306,社会安全事件,entity_shenlun
1307,缺少处理重大突发事件的基本法律,entity_shenlun
1308,信息管理系统落后,entity_shenlun
1309,公共服务体系薄弱,entity_shenlun
1310,推动民爆行业实行调整重组,entity_shenlun
1311,制定行业和地区发展规划,entity_shenlun
1312,推动行业技术进步，提高本质安全水平,entity_shenlun
1313,加强法规建设,entity_shenlun
1314,健全安全监管体系，落实属地监管责任,entity_shenlun
1315,加强民爆企业人才培养和员工培训,entity_shenlun
1316,问题（服务型政府）,entity_shenlun
1317,原因（服务型政府）,entity_shenlun
1318,对策（服务型政府）,entity_shenlun
1319,政府对微观经济特别是国有经济的干预过多,entity_shenlun
1320,公共服务职能弱化,entity_shenlun
1321,政府应急职能的不完善,entity_shenlun
1322,我国政府职能一直存在越位,entity_shenlun
1323,中国加入WTO后被要求政府加快改革,entity_shenlun
1324,我国的法律制度不够完善,entity_shenlun
1325,我国政府行为存在思想意识上的偏差,entity_shenlun
1326,提升政府行政过程中的透明度,entity_shenlun
1327,政府要“放权”,entity_shenlun
1328,逐步完善我国的法律制度,entity_shenlun
1329,改善政府经济管理的方式,entity_shenlun
1330,加快政府管理经济观念的根本性转变,entity_shenlun
1331,社会保障制度,entity_shenlun
1332,公共安全,entity_shenlun
1333,房地产改革,entity_shenlun
1334,城市交通堵塞,entity_shenlun
1335,教育公平及乱收费,entity_shenlun
1336,医疗制度改革,entity_shenlun
1337,社会保障问题,entity_shenlun
1338,原因（社会保障）,entity_shenlun
1339,对策（社会保障）,entity_shenlun
1340,覆盖面小，实施范围窄,entity_shenlun
1341,社会化程度低，保障功能差,entity_shenlun
1342,社会保障缺乏法律保证,entity_shenlun
1343,社会保障管理体制分散、政出多门,entity_shenlun
1344,加快城镇养老保险制度改革,entity_shenlun
1345,加快失业保险制度改革,entity_shenlun
1346,逐步完善整个社会保障体系,entity_shenlun
1347,原因（公共安全）,entity_shenlun
1348,对策（公共安全）,entity_shenlun
1349,具体问题（公共安全）,entity_shenlun
1350,体制转型期内产生的社会震荡,entity_shenlun
1351,收入差距拉大产生的变态利益需求取向,entity_shenlun
1352,大规模人口流动产生的附带性社会治安问题,entity_shenlun
1353,政府职能转换期内产生的社会调控能力弱化,entity_shenlun
1354,国际犯罪活动对国内产生的冲击,entity_shenlun
1355,健全体制，明确责任,entity_shenlun
1356,居安思危,entity_shenlun
1357,强化法治,entity_shenlun
1358,依靠科技,entity_shenlun
1359,协同应对，快速反应,entity_shenlun
1360,加强基层，全民参与,entity_shenlun
1361,加大宣传力度,entity_shenlun
1362,食品安全问题（以阜阳劣质奶粉事件为例）,entity_shenlun
1363,安全生产问题（矿难问题）,entity_shenlun
1364,问题及原因（房地产改革）,entity_shenlun
1365,对策（房地产改革）,entity_shenlun
1366,供应与需求脱节,entity_shenlun
1367,户型超标和开放商暴利问题,entity_shenlun
1368,销售环节的漏洞,entity_shenlun
1369,优化土地供应结构,entity_shenlun
1370,加强普通商品住宅的建设,entity_shenlun
1371,进一步完善金融等方面的政策措施,entity_shenlun
1372,继续整顿房地产业的市场秩序,entity_shenlun
1373,完善住房公积金制度,entity_shenlun
1374,城市交通安全解决方案及城市交通堵塞的原因分析,entity
1375,道路交通特性和车流特性不匹配,entity_shenlun
1376,交通需求密度与交通供给密度不匹配,entity_shenlun
1377,城市道路的级配理论造成各路段的交通特性不匹配,entity_shenlun
1378,城市交通规划的思路与城市交通发展的客观规律不匹配,entity_shenlun
1379,道路间断流交通特性与快速公交不匹配,entity_shenlun
1380,上学难问题,entity_shenlun
1381,乱收费问题,entity_shenlun
1382,原因（上学难）,entity_shenlun
1383,措施（上学难）,entity_shenlun
1384,政府投入不足,entity_shenlun
1385,教学资源不公平,entity_shenlun
1386,家长们的期望值太高,entity_shenlun
1387,利益驱使（上学难）,entity_shenlun
1388,监督制约机制不健全（上学难）,entity_shenlun
1389,查处不全,entity_shenlun
1390,群众自我保护意识不强,entity_shenlun
1391,加大改革创新力度,entity_shenlun
1392,加大投入力度，加强教育管理,entity_shenlun
1393,为教育改革和发展创造良好环境,entity_shenlun
1394,原因（乱收费）,entity_shenlun
1395,危害（乱收费）,entity_shenlun
1396,对策（乱收费）,entity_shenlun
1397,利益驱使,entity_shenlun
1398,监督制约机制不健全,entity_shenlun
1399,查处不严（乱收费）,entity_shenlun
1400,群众缺乏自我保护意识,entity_shenlun
1401,损害了党和政府与人民群众的密切联系,entity_shenlun
1402,侵害国家和群众利益,entity_shenlun
1403,腐蚀党的干部,entity_shenlun
1404,影响安定团结和社会稳定,entity_shenlun
1405,坚持党委政府统一领导,entity_shenlun
1406,要树立长抓不屑的思想,entity_shenlun
1407,要不断制定和完善各项规章制度,entity_shenlun
1408,进一步拓宽监督面,entity_shenlun
1409,加大宣传教育力度,entity_shenlun
1410,公平与效率,entity_shenlun
1411,科技创新,entity_shenlun
1412,知识产权,entity_shenlun
1413,商业垄断,entity_shenlun
1414,节约型社会,entity_shenlun
1415,环境保护专题,entity_shenlun
1416,资源能源紧张问题,entity_shenlun
1417,就业问题,entity_shenlun
1418,大学生诚信问题,entity_shenlun
1419,社会主义新农村,entity_shenlun
1420,三农问题,entity_shenlun
1421,世界的物质唯一性原理,entity_shenlun
1422,意识能动作用原理及方法论,entity_shenlun
1423,物质和意识的辩证关系原理,entity_shenlun
1424,规律的客观性和普遍性原理及方法论,entity_shenlun
1425,尊重客观规律和发挥主观能动性辩证关系原理,entity_shenlun
1426,实践和认识的辩证关系,entity_shenlun
1427,真理的条件性和具体性,entity_shenlun
1428,真理的反复性和无限性,entity_shenlun
1429,联系的普遍性原理及方法论,entity_shenlun
1430,联系的客观性原理及方法论,entity_shenlun
1431,联系的多样性原理及方法论,entity_shenlun
1432,整体和部分辩证关系的原理及方法论,entity_shenlun
1433,系统优化的方法原理及方法论,entity_shenlun
1434,发展的观点及方法论,entity_shenlun
1435,事物发展的总趋势（前进性与曲折性）原理及方法论,entity_shenlun
1436,量变和质变辩证关系的原理及方法论,entity_shenlun
1437,矛盾（客观性）的观点及方法论,entity_shenlun
1438,矛盾的普遍性原理及方法论,entity_shenlun
1439,矛盾的特殊性原理及方法论,entity_shenlun
1440,矛盾的普遍性和特殊性辩证关系的原理及方法论,entity_shenlun
1441,主要矛盾和次要矛盾辩证关系的原理及方法论,entity_shenlun
1442,矛盾的主要方面和次要方面辩证关系的原理及方法论,entity_shenlun
1443,主次矛盾、矛盾主次方面的辩证关系原理,entity_shenlun
1444,辩证否定观原理及方法论,entity_shenlun
1445,辩证法的革命批判精神原理及方法论,entity_shenlun
1446,社会存在与社会意识的辩证关系原理,entity_shenlun
1447,两大基本规律的矛盾运动原理,entity_shenlun
1448,人民群众是历史的创造者原理,entity_shenlun
1449,价值观的导向作用原理,entity_shenlun
1450,实现社会公平正义是中国共产党人的一贯主张,entity_shenlun
1451,建设生态文明，节约能源资源，保护生态环境,entity_shenlun
1452,提高自主创新能力，建设创新型国家,entity_shenlun
1453,加快转变经济发展方式是关系国民经济全局紧迫而重大的战略任务,entity_shenlun
1454,发展现代化产业体系,entity_shenlun
1455,走中国特色农业现代化道路,entity_shenlun
1456,加强文明建设，明显提高全民族文明素质,entity_shenlun
1457,申论五大应试能力提高策略,entity
1458,阅读理解能力,entity_shenlun
1459,分析概括能力,entity_shenlun
1460,提出方案和解决问题及贯彻执行能力,entity_shenlun
1461,语言表达能力,entity_shenlun
1462,议论论证能力,entity_shenlun
1463,阅读理解能力基本要求,entity_shenlun
1464,阅读理解的应试方法与技巧,entity_shenlun
1465,阅读理解能力存在的问题,entity_shenlun
1466,阅读理解能力的培养与提高,entity_shenlun
1467,分析概括能力概述,entity_shenlun
1468,分析概括能力的应试方法与技巧,entity_shenlun
1469,分析概括过程中遇到的问题,entity_shenlun
1470,分析概括能力的培养与提高,entity_shenlun
1471,提出方案和解决问题及贯彻执行能力的基本要求,entity_shenlun
1472,提出方案的主要方法与应试技巧,entity_shenlun
1473,提出方案和解决问题过程中应避免的问题,entity_shenlun
1474,提出方案和解决问题能力提高的方法步骤,entity_shenlun
1475,语言表达能力的基本要求,entity_shenlun
1476,语言表达能力应避免的问题,entity_shenlun
1477,申论的议论论证能力,entity_shenlun
1478,议论论证三要素,entity_shenlun
1479,议论论证的主要方法,entity_shenlun
1480,申论议论论证能力存在的问题与提高方法,entity_shenlun
1481,什么是阅读理解能力,entity_shenlun
1482,阅读理解能力的主要方面,entity_shenlun
1483,申论的阅读理解能力,entity_shenlun
1484,对语言意义的感知和理解,entity_shenlun
1485,对材料整体内容和形式的理解,entity_shenlun
1486,对材料价值的评判性理解,entity_shenlun
1487,对材料内容的理解,entity_shenlun
1488,对材料形式的理解,entity_shenlun
1489,第一步阅读理解的原则,entity_shenlun
1490,第二步阅读理解的应试方法,entity_shenlun
1491,第三步阅读理解能力的提升要素,entity_shenlun
1492,时间原则,entity_shenlun
1493,整体把握的原则,entity_shenlun
1494,筛选性原则,entity_shenlun
1495,抓关键点的原则,entity_shenlun
1496,阅读第一遍——了解材料内容,entity_shenlun
1497,阅读第二遍——理清脉络,entity_shenlun
1498,阅读第三遍——检查发现有无遗漏和误解,entity_shenlun
1499,认知材料,entity_shenlun
1500,理解材料内容,entity_shenlun
1501,评判材料意义,entity_shenlun
1502,抓住一点，不及其余,entity_shenlun
1503,只见现象不见实质,entity_shenlun
1504,泛论关系，不见重点,entity_shenlun
1505,刻意求异，忽视集中,entity_shenlun
1506,错会逆向，全盘否定,entity_shenlun
1507,阅读方式的培养,entity_shenlun
1508,阅读方法训练,entity_shenlun
1509,阅读理解能力的培养,entity_shenlun
1510,略读,entity_shenlun
1511,精读,entity_shenlun
1512,速读,entity_shenlun
1513,跳读,entity_shenlun
1514,需要性原则,entity_shenlun
1515,可行性原则,entity_shenlun
1516,特长性原则,entity_shenlun
1517,认读能力及其培养,entity_shenlun
1518,理解能力及其培养,entity_shenlun
1519,评论能力及其培养,entity_shenlun
1520,综合分析能力,entity_shenlun
1521,概括能力,entity_shenlun
1522,应弄清“材料”反应的问题,entity_shenlun
1523,分清主要问题和次要问题,entity_shenlun
1524,概述内容,entity_shenlun
1525,概述观点,entity_shenlun
1526,综合分析的基本方法,entity_shenlun
1527,综合概括的方法,entity_shenlun
1528,分析一般材料的方法,entity_shenlun
1529,概括复杂材料的常见方法,entity_shenlun
1530,概括材料的具体方法,entity_shenlun
1531,应试技巧（分析）,entity_shenlun
1532,单项分析法,entity_shenlun
1533,相关分析法,entity_shenlun
1534,分类分析法,entity_shenlun
1535,构成分析法,entity_shenlun
1536,条件分析法,entity_shenlun
1537,因素分析法,entity_shenlun
1538,参照对比分析法,entity_shenlun
1539,平衡分析法,entity_shenlun
1540,趋势分析法,entity_shenlun
1541,综合分析法,entity_shenlun
1542,定性分析与定了那个分析相结合,entity_shenlun
1543,因果分析法（综合分析）,entity_shenlun
1544,求同存异法,entity_shenlun
1545,感性认识中的知觉综合,entity_shenlun
1546,抽象思维中的简单综合,entity_shenlun
1547,辩证思维的综合,entity_shenlun
1548,查原因,entity_shenlun
1549,明关系,entity_shenlun
1550,抓关键,entity_shenlun
1551,贬是非,entity_shenlun
1552,同中求异,entity_shenlun
1553,异中球同,entity_shenlun
1554,异中辨异,entity_shenlun
1555,互补叠加,entity_shenlun
1556,求同辨异法,entity_shenlun
1557,追本溯源法,entity_shenlun
1558,联想类推法,entity_shenlun
1559,抽象概括法,entity_shenlun
1560,发散凝聚法,entity_shenlun
1561,还原坐实法,entity_shenlun
1562,发问质疑法,entity_shenlun
1563,提要钩玄法,entity_shenlun
1564,模式识别法,entity_shenlun
1565,概念观照法,entity_shenlun
1566,逐字推敲法,entity_shenlun
1567,归类比较法,entity_shenlun
1568,抓关键词法,entity_shenlun
1569,抓概要句法,entity_shenlun
1570,挖潜台词法,entity_shenlun
1571,推陈出新法,entity_shenlun
1572,找准角度,entity_shenlun
1573,突出主旨,entity_shenlun
1574,思路清晰，逻辑严密,entity_shenlun
1575,要言不烦,entity_shenlun
1576,应当主义避免欠“准”,entity_shenlun
1577,应当避免欠“深”,entity_shenlun
1578,应当避免欠“新”,entity_shenlun
1579,分析与理解能力的培养与提高,entity_shenlun
1580,综合与概括能力的培养与提高,entity_shenlun
1581,提出方案和解决问题及贯彻执行能力要求,entity_shenlun
1582,提出方案的答题要求与基本原则,entity_shenlun
1583,方案设计能力,entity_shenlun
1584,方案评估能力,entity_shenlun
1585,轮廓设计,entity_shenlun
1586,详细设计,entity_shenlun
1587,答题要求（提出方案）,entity_shenlun
1588,基本原则（提出答案）,entity_shenlun
1589,明确给定的角色,entity_shenlun
1590,明确方案的针对性,entity_shenlun
1591,明确方案的可操作性,entity_shenlun
1592,有利于国家经济和社会发展的原则,entity_shenlun
1593,兼顾国家、集体、企事业单位和个人利益的原则,entity_shenlun
1594,博采众长的原则,entity_shenlun
1595,依法办事的原则,entity_shenlun
1596,稳妥灵活、机智巧妙的原则,entity_shenlun
1597,提出方案对策的两把“金钥匙”,entity_shenlun
1598,应试技巧（提出方案）,entity_shenlun
1599,提出方案的四点要求,entity_shenlun
1600,提出对策的答题方法,entity_shenlun
1601,必须具有针对性,entity_shenlun
1602,必须具有可行性,entity_shenlun
1603,必须合情、合理、合法,entity_shenlun
1604,必须符合“虚拟身份”,entity_shenlun
1605,忌身份失当,entity_shenlun
1606,忌空话、套话、外行话,entity_shenlun
1607,忌主次部分,entity_shenlun
1608,身份定位不准,entity_shenlun
1609,没有建设性的意见,entity_shenlun
1610,明确题目考察的要求,entity_shenlun
1611,明确拟定方案的一般步骤,entity_shenlun
1612,掌握方案的要素、结构,entity_shenlun
1613,检查方案的完整性和可行性,entity_shenlun
1614,确定问题,entity_shenlun
1615,分析问题,entity_shenlun
1616,确定决策目标,entity_shenlun
1617,要明确是谁的责任,entity_shenlun
1618,评估风险,entity_shenlun
1619,要意识到哪些因素将影响你对问题的解决,entity_shenlun
1620,明确决策的时间范围,entity_shenlun
1621,对同一个问题，在思考时尝试用不同的方法来解决,entity_shenlun
1622,先确定主旨,entity_shenlun
1623,对未来目标的设计既要积极又要现实,entity_shenlun
1624,认清确定决策目标的意义,entity_shenlun
1625,分清决策目标的层次,entity_shenlun
1626,目标要分轻重缓急,entity_shenlun
1627,要指明目标的约束条件,entity_shenlun
1628,总体要求（语言表达）,entity_shenlun
1629,文体的要求（语言表达）,entity_shenlun
1630,语言特色和风格的要求,entity_shenlun
1631,语言表达能力提高的方法,entity_shenlun
1632,适当的权威性,entity_shenlun
1633,行为的严肃性,entity_shenlun
1634,思想的实用性和指导性,entity_shenlun
1635,通俗性和易读性,entity_shenlun
1636,虚实的交互性,entity_shenlun
1637,生动性和应变形,entity_shenlun
1638,语体不合适,entity_shenlun
1639,词不达意,entity_shenlun
1640,遣词造句能力差,entity_shenlun
1641,语言冗长,entity_shenlun
1642,文理不通,entity_shenlun
1643,乱用标点符号,entity_shenlun
1644,准确（语言表达）,entity_shenlun
1645,通顺（语言表达）,entity_shenlun
1646,简明（语言表达）,entity_shenlun
1647,朴实（语言表达）,entity_shenlun
1648,生动（语言表达）,entity_shenlun
1649,通俗易懂，平实朴素（语言表达）,entity_shenlun
1650,既动之以情，又晓之以理,entity_shenlun
1651,言简意骇（语言表达）,entity_shenlun
1652,长短适宜（语言表达）,entity_shenlun
1653,议论论证能力概述,entity_shenlun
1654,议论文的特点,entity_shenlun
1655,议论的基本结构,entity_shenlun
1656,议论主题的明确性和集中性,entity_shenlun
1657,议论主题的简约性,entity_shenlun
1658,议论的主导性,entity_shenlun
1659,议论的理论性,entity_shenlun
1660,议论的逻辑性,entity_shenlun
1661,议论的启发性和教育性,entity_shenlun
1662,引论,entity_shenlun
1663,本论,entity_shenlun
1664,结论（议论）,entity_shenlun
1665,论点,entity_shenlun
1666,论据,entity_shenlun
1667,论证（论证三要素）,entity_shenlun
1668,论点要正确,entity_shenlun
1669,论点要深刻,entity_shenlun
1670,论点要鲜明,entity_shenlun
1671,论点要新颖,entity_shenlun
1672,论点要同一,entity_shenlun
1673,论点要突出,entity_shenlun
1674,论据要真实,entity_shenlun
1675,论据要充分,entity_shenlun
1676,论据要典型,entity_shenlun
1677,论据要新鲜,entity_shenlun
1678,议论论证的含义,entity_shenlun
1679,议论论证的方法,entity_shenlun
1681,例证,entity_shenlun
1682,引证,entity_shenlun
1683,比较论证,entity_shenlun
1684,因果论证,entity_shenlun
1685,直接证明法,entity_shenlun
1686,间接证明,entity_shenlun
1687,反驳论证,entity_shenlun
1688,比喻论证,entity_shenlun
1689,类比论证法,entity_shenlun
1690,对比论证法,entity_shenlun
1691,分析主要原因和次要原因,entity_shenlun
1692,分析产生的原因,entity_shenlun
1693,分析异因同果、同因异果和互为因果,entity_shenlun
1694,演绎法,entity_shenlun
1695,归纳法,entity_shenlun
1696,反证法,entity_shenlun
1697,排他法,entity_shenlun
1698,反驳论点,entity_shenlun
1699,反驳论据,entity_shenlun
1700,反驳论证方式,entity_shenlun
1701,直接反驳,entity_shenlun
1702,间接反驳,entity_shenlun
1703,申论议论论证能力存在的问题,entity_shenlun
1704,申论议论论证能力提高的方法,entity_shenlun
1705,偏离材料主旨,entity_shenlun
1706,材料使用不当,entity_shenlun
1707,不按题目要求作文,entity_shenlun
1708,引申型评论,entity_shenlun
1709,评述型评论,entity_shenlun
1710,析理型评论,entity_shenlun
1711,辩诘型评论,entity_shenlun
1712,五大模块题目,entity
1713,归纳概括类试题,entity_shenlun
1714,提出对策类试题,entity_shenlun
1715,贯彻执行类试题,entity_shenlun
1716,文章写作类试题,entity_shenlun
1717,综合分析类试题,entity_shenlun
1718,题型概述（归纳）,entity_shenlun
1719,解答流程与方法（归纳）,entity_shenlun
1720,题型分类（归纳）,entity_shenlun
1721,作答要求（归纳）,entity_shenlun
1722,归纳概括全部资料类试题,entity_shenlun
1723,归纳概括部分资料类试题,entity_shenlun
1724,概括主要内容,entity_shenlun
1725,概括主要问题,entity_shenlun
1726,概括主要内容和概括主要问题的区别,entity_shenlun
1727,明确给定资料范围的试题,entity_shenlun
1728,暗含给定资料范围的试题,entity_shenlun
1729,全面（归纳）,entity_shenlun
1730,准确（归纳）,entity_shenlun
1731,客观（归纳）,entity_shenlun
1732,简洁（归纳）,entity_shenlun
1733,解答流程（归纳）,entity_shenlun
1734,方法点拨（归纳）,entity_shenlun
1735,提炼要点（归纳）,entity_shenlun
1736,加工要点（归纳）,entity_shenlun
1737,提炼要点（归纳方法）,entity_shenlun
1738,加工要点（归纳方法）,entity_shenlun
1739,定量分析法——抓关键词,entity_shenlun
1740,盯头瞄尾法——在段首段尾查找要点,entity_shenlun
1741,取腹望心法——在段落中部寻找要点,entity_shenlun
1742,循筋理脉法——理清文脉明确中心思想,entity_shenlun
1743,层层见骨法——突破外表寻求核心内容,entity_shenlun
1744,彩线穿珠法,entity_shenlun
1745,散点透视法,entity_shenlun
1746,聚焦一点法,entity_shenlun
1747,线性顺序法,entity_shenlun
1748,正反对比法,entity_shenlun
1749,观点对比,entity_shenlun
1750,事实对比,entity_shenlun
1751,题型概述（综合分析）,entity_shenlun
1752,解答流程与方法（综合分析）,entity_shenlun
1753,题型分类（综合分析）,entity_shenlun
1754,作答要求（综合分析）,entity_shenlun
1755,启示型分析题,entity_shenlun
1756,阐释型分析题,entity_shenlun
1757,评论型分析题,entity_shenlun
1758,判断型分析题,entity_shenlun
1759,关系型分析题,entity_shenlun
1760,原因型分析题,entity_shenlun
1761,其他型分析题,entity_shenlun
1762,分析合理,entity_shenlun
1763,条理清晰,entity_shenlun
1764,解答基本流程,entity_shenlun
1765,四大基本分析方法,entity_shenlun
1766,重点题型逐一击破（综合分析）,entity_shenlun
1767,仔细审题，准确理解题意,entity_shenlun
1768,阅读相关资料，提炼要点,entity_shenlun
1769,筛选有用要点，按逻辑顺序加工,entity_shenlun
1770,矛盾分析法,entity_shenlun
1771,供需分析法,entity_shenlun
1772,利益分析法,entity_shenlun
1773,因果分析法,entity_shenlun
1774,确定利益的主体及其性质，是利益分析的首要程序,entity_shenlun
1775,分清利益的层次和地位,entity_shenlun
1776,利益分析法的落脚点，就是依据分析出的原因，提出相应合理、可行的对策,entity_shenlun
1777,据因推果,entity_shenlun
1778,执果索因,entity_shenlun
1779,启示分析题,entity_shenlun
1780,阐释分析题,entity_shenlun
1781,评论分析题,entity_shenlun
1782,判断分析题,entity_shenlun
1783,总结经验和教训,entity_shenlun
1784,分条加以阐述,entity_shenlun
1785,直接点名本质含义,entity_shenlun
1786,紧扣原话解释含义,entity_shenlun
1787,回到材料深入阐述,entity_shenlun
1788,做出最后权威结论,entity_shenlun
1789,针对某一观点或现象进行评论,entity_shenlun
1790,针对几种不同观点或做法进行评论,entity_shenlun
1791,文本比较,entity_shenlun
1792,概述理由,entity_shenlun
1793,题型概述（提出对策）,entity_shenlun
1794,解答流程与方法（提出对策）,entity_shenlun
1795,题型分类（提出对策）,entity_shenlun
1796,作答要求（提出对策）,entity_shenlun
1797,常规型对策题,entity_shenlun
1798,复合型对策题,entity_shenlun
1799,直接要求提出对策、建议和思路,entity_shenlun
1800,给出身份限定,entity_shenlun
1801,给出角度限定,entity_shenlun
1802,分析原因及提出对策,entity_shenlun
1803,先对对策有效性进行分析，然后修改对策,entity_shenlun
1804,对策的准确、全面,entity_shenlun
1805,对策的可行性,entity_shenlun
1806,对策的针对性,entity_shenlun
1807,解答流程（提出对策）,entity_shenlun
1808,对策的提取,entity_shenlun
1809,对策的结构,entity_shenlun
1810,分析问题，确定方向,entity_shenlun
1811,结合材料，提取对策,entity_shenlun
1812,按照逻辑安排对策,entity_shenlun
1813,引用材料中的对策,entity_shenlun
1814,根据问题推出对策,entity_shenlun
1815,根据原因得到对策,entity_shenlun
1816,根据经验或教训总结对策,entity_shenlun
1817,对策的个体,entity_shenlun
1818,对策的整体,entity_shenlun
1819,对策结构,entity_shenlun
1820,对策的排序,entity_shenlun
1821,对策的铺垫,entity_shenlun
1822,对策的主体,entity_shenlun
1823,并列式排序,entity_shenlun
1824,按对策的重要性排列,entity_shenlun
1825,按工作流程排列,entity_shenlun
1826,题型概述（贯彻执行）,entity_shenlun
1827,解答方法（贯彻执行）,entity_shenlun
1828,题型分类（贯彻执行）,entity_shenlun
1829,作答基本要求（贯彻执行）,entity_shenlun
1830,宣传通知类试题,entity_shenlun
1831,工作方案类试题,entity_shenlun
1832,身份要求,entity_shenlun
1833,内容要求,entity_shenlun
1834,提纲挈领,entity_shenlun
1835,符合客观实际,entity_shenlun
1836,宣传通知类试题（解答方法）,entity_shenlun
1837,工作方案类试题（解答方法）,entity_shenlun
1838,宣传通知的结构,entity_shenlun
1839,语言风格,entity_shenlun
1840,宣传通知范例,entity_shenlun
1841,背景问题——为什么要宣传通知,entity_shenlun
1842,上级要求——目标,entity_shenlun
1843,宣传通知——实现目标的做法,entity_shenlun
1844,目的意义——呼吁性结尾,entity_shenlun
1845,阐述本级组织的举措或决心,entity_shenlun
1846,对“下级”进行宣传号召,entity_shenlun
1847,工作方案的结构,entity_shenlun
1848,工作方案范例,entity_shenlun
1849,贯彻,entity_shenlun
1850,过渡,entity_shenlun
1851,执行（工作方案）,entity_shenlun
1852,题型概述（文章写作）,entity_shenlun
1853,解答流程与写作方法（文章写作）,entity_shenlun
1854,题型分类（文章写作）,entity_shenlun
1855,作答要求与评分标准（文章写作）,entity_shenlun
1856,议论文,entity_shenlun
1857,策论文,entity_shenlun
1858,立意,entity_shenlun
1859,拟题,entity_shenlun
1860,布局,entity_shenlun
1861,写作,entity_shenlun
1862,论点的基本要求,entity_shenlun
1863,论点的来源与常用角度,entity_shenlun
1864,论点要明确、集中,entity_shenlun
1865,论点要正确（要求）,entity_shenlun
1866,论点深刻,entity_shenlun
1867,论点要新颖（要求）,entity_shenlun
1868,从材料中提取论点,entity_shenlun
1869,提出论点的常用角度,entity_shenlun
1870,先找分论点，通过分析得出总论点,entity_shenlun
1871,明确总论点，找分论点来支,entity_shenlun
1872,思想层面,entity_shenlun
1873,制度层面,entity_shenlun
1874,政策层面,entity_shenlun
1875,利益层面,entity_shenlun
1876,题目的命题要求,entity_shenlun
1877,拟题的原则,entity_shenlun
1878,拟题的方法,entity_shenlun
1879,命题作文,entity_shenlun
1880,自由命题作文,entity_shenlun
1881,给出完整标题,entity_shenlun
1882,给出一半标题,entity_shenlun
1883,不给出拟题条件,entity_shenlun
1884,给出拟题条件,entity_shenlun
1885,贴切（拟题）,entity_shenlun
1886,简明（拟题）,entity_shenlun
1887,精炼（拟题）,entity_shenlun
1888,拟题从文章主题中概括,entity_shenlun
1889,拟题从试题给定的条件中提炼,entity_shenlun
1890,拟题从熟语和经典论题中化用,entity_shenlun
1891,巧于起笔,entity_shenlun
1892,层次分明，写好文章的主体部分,entity_shenlun
1893,果断收笔，写好文章的结尾,entity_shenlun
1894,转折递进,entity_shenlun
1895,浓缩全文主要论点,entity_shenlun
1896,引述经典名言与权威观点,entity_shenlun
1897,并列结构,entity_shenlun
1898,递进结构,entity_shenlun
1899,适用于侧重对策的文章,entity_shenlun
1900,适用于侧重分析的文章,entity_shenlun
1901,首尾呼应，紧扣主题,entity_shenlun
1902,展望未来，升华论点,entity_shenlun
1903,选材,entity_shenlun
1904,论证,entity_shenlun
1905,语言,entity_shenlun
1906,书写,entity_shenlun
1907,修改,entity_shenlun
1908,概述（选材）,entity_shenlun
1909,选材的基本原则,entity_shenlun
1910,材料的基本用法,entity_shenlun
1911,一是准,entity_shenlun
1912,二是精,entity_shenlun
1913,三是当,entity_shenlun
1914,四是新,entity_shenlun
1915,五是平,entity_shenlun
1916,直接引述法,entity_shenlun
1917,意义复述法,entity_shenlun
1918,借意再造法,entity_shenlun
1919,裁剪拼贴法,entity_shenlun
1920,打散重组法,entity_shenlun
1921,一是对比法,entity_shenlun
1922,二是例证法,entity_shenlun
1923,三是引证法,entity_shenlun
1924,四是喻证法,entity_shenlun
1925,五是假设法,entity_shenlun
1926,语言的运用,entity_shenlun
1927,修辞策略,entity_shenlun
1928,用词策略,entity_shenlun
1929,句式选择,entity_shenlun
1930,段落组织,entity_shenlun
1931,语气,entity_shenlun
1932,长句和短句,entity_shenlun
1933,整句和散句,entity_shenlun
1934,答案书写在指定位置,entity_shenlun
1935,文章标题的书写正确,entity_shenlun
1936,正文书写格式正确,entity_shenlun
1937,使用标准简化汉字，正确使用标点符号,entity_shenlun
